batch,sample_key,direction,macrogen_id,filename,filepath,raw_length,raw_mean_qual,raw_median_qual,n_count,n_fraction,trim_start,trim_end,trimmed_length,trimmed_mean_qual,trimmed_n_count,trimmed_n_fraction,qc_pass
20250605_25FALAA000,HA26,F,25FALAA000_A06,25FALAA000_A06_customer.ab1,/home/shane/Documents/work/projects/hogle_lab/experiments/duckweedSynCom/data/raw/sanger_sequencing/20250605_25FALAA000/25FALAA000_A06_customer.ab1,1134,13.4,12.0,0,0.0,191,392,201,18.5,0,0.0,False
20250605_25FALAA000,HA09,F,25FALAA000_A08,25FALAA000_A08_customer.ab1,/home/shane/Documents/work/projects/hogle_lab/experiments/duckweedSynCom/data/raw/sanger_sequencing/20250605_25FALAA000/25FALAA000_A08_customer.ab1,1258,13.8,12.0,0,0.0,43,529,486,17.5,0,0.0,False
20250605_25FALAA000,SJ11,F,25FALAA000_A11,25FALAA000_A11_customer.ab1,/home/shane/Documents/work/projects/hogle_lab/experiments/duckweedSynCom/data/raw/sanger_sequencing/20250605_25FALAA000/25FALAA000_A11_customer.ab1,959,12.6,12.0,0,0.0,0,0,0,0.0,0,0.0,False
20250605_25FALAA000,SJ15,F,25FALAA000_A12,25FALAA000_A12_customer.ab1,/home/shane/Documents/work/projects/hogle_lab/experiments/duckweedSynCom/data/raw/sanger_sequencing/20250605_25FALAA000/25FALAA000_A12_customer.ab1,1048,13.2,12.0,0,0.0,0,0,0,0.0,0,0.0,False
20250605_25FALAA000,HA60,F,25FALAA000_B07,25FALAA000_B07_customer.ab1,/home/shane/Documents/work/projects/hogle_lab/experiments/duckweedSynCom/data/raw/sanger_sequencing/20250605_25FALAA000/25FALAA000_B07_customer.ab1,1214,13.6,12.0,0,0.0,189,393,204,17.5,0,0.0,False
20250605_25FALAA000,HA19,F,25FALAA000_B08,25FALAA000_B08_customer.ab1,/home/shane/Documents/work/projects/hogle_lab/experiments/duckweedSynCom/data/raw/sanger_sequencing/20250605_25FALAA000/25FALAA000_B08_customer.ab1,1266,12.6,11.0,0,0.0,0,0,0,0.0,0,0.0,False
20250605_25FALAA000,HA20,F,25FALAA000_C09,25FALAA000_C09_customer.ab1,/home/shane/Documents/work/projects/hogle_lab/experiments/duckweedSynCom/data/raw/sanger_sequencing/20250605_25FALAA000/25FALAA000_C09_customer.ab1,1295,13.6,13.0,0,0.0,121,700,579,16.4,0,0.0,False
20250605_25FALAA000,HA31,F,25FALAA000_D01,25FALAA000_D01_customer.ab1,/home/shane/Documents/work/projects/hogle_lab/experiments/duckweedSynCom/data/raw/sanger_sequencing/20250605_25FALAA000/25FALAA000_D01_customer.ab1,1227,12.4,11.0,0,0.0,0,0,0,0.0,0,0.0,False
20250605_25FALAA000,HA54,F,25FALAA000_E09,25FALAA000_E09_customer.ab1,/home/shane/Documents/work/projects/hogle_lab/experiments/duckweedSynCom/data/raw/sanger_sequencing/20250605_25FALAA000/25FALAA000_E09_customer.ab1,1283,13.4,12.0,0,0.0,96,525,429,17.0,0,0.0,False
20250605_25FALAA000,HA58,F,25FALAA000_F04,25FALAA000_F04_customer.ab1,/home/shane/Documents/work/projects/hogle_lab/experiments/duckweedSynCom/data/raw/sanger_sequencing/20250605_25FALAA000/25FALAA000_F04_customer.ab1,1064,12.4,11.0,0,0.0,0,0,0,0.0,0,0.0,False
20250605_25FALAA000,HA09,R,25FALAA001_A08,25FALAA001_A08_customer.ab1,/home/shane/Documents/work/projects/hogle_lab/experiments/duckweedSynCom/data/raw/sanger_sequencing/20250605_25FALAA000/25FALAA001_A08_customer.ab1,1283,14.5,13.0,0,0.0,37,818,781,16.9,0,0.0,False
20250605_25FALAA000,SJ11,R,25FALAA001_A11,25FALAA001_A11_customer.ab1,/home/shane/Documents/work/projects/hogle_lab/experiments/duckweedSynCom/data/raw/sanger_sequencing/20250605_25FALAA000/25FALAA001_A11_customer.ab1,1164,11.9,11.0,0,0.0,0,0,0,0.0,0,0.0,False
20250605_25FALAA000,SJ15,R,25FALAA001_A12,25FALAA001_A12_customer.ab1,/home/shane/Documents/work/projects/hogle_lab/experiments/duckweedSynCom/data/raw/sanger_sequencing/20250605_25FALAA000/25FALAA001_A12_customer.ab1,1018,12.1,11.0,0,0.0,0,0,0,0.0,0,0.0,False
20250605_25FALAA000,HA60,R,25FALAA001_B07,25FALAA001_B07_customer.ab1,/home/shane/Documents/work/projects/hogle_lab/experiments/duckweedSynCom/data/raw/sanger_sequencing/20250605_25FALAA000/25FALAA001_B07_customer.ab1,1271,12.8,11.0,0,0.0,136,372,236,15.3,0,0.0,False
20250605_25FALAA000,HA19,R,25FALAA001_B08,25FALAA001_B08_customer.ab1,/home/shane/Documents/work/projects/hogle_lab/experiments/duckweedSynCom/data/raw/sanger_sequencing/20250605_25FALAA000/25FALAA001_B08_customer.ab1,1249,13.0,12.0,0,0.0,94,842,748,14.8,0,0.0,False
20250605_25FALAA000,SJ01,R,25FALAA001_B10,25FALAA001_B10_customer.ab1,/home/shane/Documents/work/projects/hogle_lab/experiments/duckweedSynCom/data/raw/sanger_sequencing/20250605_25FALAA000/25FALAA001_B10_customer.ab1,1283,12.3,11.0,0,0.0,0,0,0,0.0,0,0.0,False
20250605_25FALAA000,SJ04,R,25FALAA001_C10,25FALAA001_C10_customer.ab1,/home/shane/Documents/work/projects/hogle_lab/experiments/duckweedSynCom/data/raw/sanger_sequencing/20250605_25FALAA000/25FALAA001_C10_customer.ab1,1296,12.3,11.0,0,0.0,60,302,242,16.6,0,0.0,False
20250605_25FALAA000,HA49,R,25FALAA001_D05,25FALAA001_D05_customer.ab1,/home/shane/Documents/work/projects/hogle_lab/experiments/duckweedSynCom/data/raw/sanger_sequencing/20250605_25FALAA000/25FALAA001_D05_customer.ab1,1306,12.0,11.0,0,0.0,0,0,0,0.0,0,0.0,False
20250605_25FALAA000,HA54,R,25FALAA001_E09,25FALAA001_E09_customer.ab1,/home/shane/Documents/work/projects/hogle_lab/experiments/duckweedSynCom/data/raw/sanger_sequencing/20250605_25FALAA000/25FALAA001_E09_customer.ab1,1204,14.3,13.0,0,0.0,38,461,423,18.0,0,0.0,False
20250605_25FALAA000,HA38,R,25FALAA001_F03,25FALAA001_F03_customer.ab1,/home/shane/Documents/work/projects/hogle_lab/experiments/duckweedSynCom/data/raw/sanger_sequencing/20250605_25FALAA000/25FALAA001_F03_customer.ab1,1241,13.2,12.0,0,0.0,137,345,208,17.5,0,0.0,False
20250605_25FALAA000,HA58,R,25FALAA001_F04,25FALAA001_F04_customer.ab1,/home/shane/Documents/work/projects/hogle_lab/experiments/duckweedSynCom/data/raw/sanger_sequencing/20250605_25FALAA000/25FALAA001_F04_customer.ab1,1255,12.5,11.0,0,0.0,0,0,0,0.0,0,0.0,False
20250619_2607LAA000,TL60,F,2607LAA000_A04,2607LAA000_A04_customer.ab1,/home/shane/Documents/work/projects/hogle_lab/experiments/duckweedSynCom/data/raw/sanger_sequencing/20250619_2607LAA000/2607LAA000_A04_customer.ab1,1335,12.3,11.0,0,0.0,0,0,0,0.0,0,0.0,False
20250619_2607LAA000,TL57,F,2607LAA000_A08,2607LAA000_A08_customer.ab1,/home/shane/Documents/work/projects/hogle_lab/experiments/duckweedSynCom/data/raw/sanger_sequencing/20250619_2607LAA000/2607LAA000_A08_customer.ab1,588,13.4,12.0,0,0.0,0,0,0,0.0,0,0.0,False
20250619_2607LAA000,HA78,F,2607LAA000_A09,2607LAA000_A09_customer.ab1,/home/shane/Documents/work/projects/hogle_lab/experiments/duckweedSynCom/data/raw/sanger_sequencing/20250619_2607LAA000/2607LAA000_A09_customer.ab1,874,14.5,13.0,0,0.0,124,641,517,15.6,0,0.0,False
20250619_2607LAA000,SJ22,F,2607LAA000_A10,2607LAA000_A10_customer.ab1,/home/shane/Documents/work/projects/hogle_lab/experiments/duckweedSynCom/data/raw/sanger_sequencing/20250619_2607LAA000/2607LAA000_A10_customer.ab1,1679,10.6,9.0,0,0.0,0,0,0,0.0,0,0.0,False
20250619_2607LAA000,TL66,F,2607LAA000_B08,2607LAA000_B08_customer.ab1,/home/shane/Documents/work/projects/hogle_lab/experiments/duckweedSynCom/data/raw/sanger_sequencing/20250619_2607LAA000/2607LAA000_B08_customer.ab1,822,13.5,12.0,0,0.0,0,0,0,0.0,0,0.0,False
20250619_2607LAA000,HA79,F,2607LAA000_B09,2607LAA000_B09_customer.ab1,/home/shane/Documents/work/projects/hogle_lab/experiments/duckweedSynCom/data/raw/sanger_sequencing/20250619_2607LAA000/2607LAA000_B09_customer.ab1,1024,13.7,12.0,0,0.0,194,739,545,14.2,0,0.0,False
20250619_2607LAA000,TL43,F,2607LAA000_C07,2607LAA000_C07_customer.ab1,/home/shane/Documents/work/projects/hogle_lab/experiments/duckweedSynCom/data/raw/sanger_sequencing/20250619_2607LAA000/2607LAA000_C07_customer.ab1,1301,16.5,15.0,0,0.0,3,886,883,19.4,0,0.0,False
20250619_2607LAA000,TL40,F,2607LAA000_D05,2607LAA000_D05_customer.ab1,/home/shane/Documents/work/projects/hogle_lab/experiments/duckweedSynCom/data/raw/sanger_sequencing/20250619_2607LAA000/2607LAA000_D05_customer.ab1,1219,14.6,13.0,0,0.0,2,833,831,16.9,0,0.0,False
20250619_2607LAA000,TL49,F,2607LAA000_D07,2607LAA000_D07_customer.ab1,/home/shane/Documents/work/projects/hogle_lab/experiments/duckweedSynCom/data/raw/sanger_sequencing/20250619_2607LAA000/2607LAA000_D07_customer.ab1,1012,12.9,12.0,0,0.0,0,0,0,0.0,0,0.0,False
20250619_2607LAA000,HA73,F,2607LAA000_D08,2607LAA000_D08_customer.ab1,/home/shane/Documents/work/projects/hogle_lab/experiments/duckweedSynCom/data/raw/sanger_sequencing/20250619_2607LAA000/2607LAA000_D08_customer.ab1,955,14.4,13.0,0,0.0,57,333,276,14.6,0,0.0,False
20250619_2607LAA000,TL48,F,2607LAA000_E05,2607LAA000_E05_customer.ab1,/home/shane/Documents/work/projects/hogle_lab/experiments/duckweedSynCom/data/raw/sanger_sequencing/20250619_2607LAA000/2607LAA000_E05_customer.ab1,1211,11.8,11.0,0,0.0,0,0,0,0.0,0,0.0,False
20250619_2607LAA000,TL56,F,2607LAA000_F06,2607LAA000_F06_customer.ab1,/home/shane/Documents/work/projects/hogle_lab/experiments/duckweedSynCom/data/raw/sanger_sequencing/20250619_2607LAA000/2607LAA000_F06_customer.ab1,1259,12.2,11.0,0,0.0,0,0,0,0.0,0,0.0,False
20250619_2607LAA000,TL15,F,2607LAA000_F07,2607LAA000_F07_customer.ab1,/home/shane/Documents/work/projects/hogle_lab/experiments/duckweedSynCom/data/raw/sanger_sequencing/20250619_2607LAA000/2607LAA000_F07_customer.ab1,1247,12.9,12.0,0,0.0,9,427,418,15.3,0,0.0,False
20250619_2607LAA000,HA75,F,2607LAA000_F08,2607LAA000_F08_customer.ab1,/home/shane/Documents/work/projects/hogle_lab/experiments/duckweedSynCom/data/raw/sanger_sequencing/20250619_2607LAA000/2607LAA000_F08_customer.ab1,1022,13.4,12.0,0,0.0,0,0,0,0.0,0,0.0,False
20250619_2607LAA000,SJ19,F,2607LAA000_F09,2607LAA000_F09_customer.ab1,/home/shane/Documents/work/projects/hogle_lab/experiments/duckweedSynCom/data/raw/sanger_sequencing/20250619_2607LAA000/2607LAA000_F09_customer.ab1,1012,15.2,13.0,0,0.0,187,812,625,16.1,0,0.0,False
20250619_2607LAA000,TL21,F,2607LAA000_G07,2607LAA000_G07_customer.ab1,/home/shane/Documents/work/projects/hogle_lab/experiments/duckweedSynCom/data/raw/sanger_sequencing/20250619_2607LAA000/2607LAA000_G07_customer.ab1,1023,13.4,12.0,0,0.0,0,0,0,0.0,0,0.0,False
20250619_2607LAA000,TL13,F,2607LAA000_H05,2607LAA000_H05_customer.ab1,/home/shane/Documents/work/projects/hogle_lab/experiments/duckweedSynCom/data/raw/sanger_sequencing/20250619_2607LAA000/2607LAA000_H05_customer.ab1,1203,11.3,9.0,0,0.0,11,646,635,13.4,0,0.0,False
20250619_2607LAA000,TL28,F,2607LAA000_H07,2607LAA000_H07_customer.ab1,/home/shane/Documents/work/projects/hogle_lab/experiments/duckweedSynCom/data/raw/sanger_sequencing/20250619_2607LAA000/2607LAA000_H07_customer.ab1,1122,14.0,12.0,0,0.0,144,409,265,17.3,0,0.0,False
20250619_2607LAA000,SJ21,F,2607LAA000_H09,2607LAA000_H09_customer.ab1,/home/shane/Documents/work/projects/hogle_lab/experiments/duckweedSynCom/data/raw/sanger_sequencing/20250619_2607LAA000/2607LAA000_H09_customer.ab1,787,13.5,13.0,0,0.0,0,0,0,0.0,0,0.0,False
20250619_2607LAA000,TL60,R,2607LAA001_A04,2607LAA001_A04_customer.ab1,/home/shane/Documents/work/projects/hogle_lab/experiments/duckweedSynCom/data/raw/sanger_sequencing/20250619_2607LAA000/2607LAA001_A04_customer.ab1,1199,12.5,12.0,0,0.0,0,0,0,0.0,0,0.0,False
20250619_2607LAA000,TL57,R,2607LAA001_A08,2607LAA001_A08_customer.ab1,/home/shane/Documents/work/projects/hogle_lab/experiments/duckweedSynCom/data/raw/sanger_sequencing/20250619_2607LAA000/2607LAA001_A08_customer.ab1,1706,10.4,8.5,0,0.0,81,355,274,16.1,0,0.0,False
20250619_2607LAA000,HA78,R,2607LAA001_A09,2607LAA001_A09_customer.ab1,/home/shane/Documents/work/projects/hogle_lab/experiments/duckweedSynCom/data/raw/sanger_sequencing/20250619_2607LAA000/2607LAA001_A09_customer.ab1,5,0.0,0.0,5,1.0,0,0,0,0.0,0,0.0,False
20250619_2607LAA000,SJ22,R,2607LAA001_A10,2607LAA001_A10_customer.ab1,/home/shane/Documents/work/projects/hogle_lab/experiments/duckweedSynCom/data/raw/sanger_sequencing/20250619_2607LAA000/2607LAA001_A10_customer.ab1,5,0.0,0.0,5,1.0,0,0,0,0.0,0,0.0,False
20250619_2607LAA000,TL66,R,2607LAA001_B08,2607LAA001_B08_customer.ab1,/home/shane/Documents/work/projects/hogle_lab/experiments/duckweedSynCom/data/raw/sanger_sequencing/20250619_2607LAA000/2607LAA001_B08_customer.ab1,1629,12.6,10.0,0,0.0,723,1095,372,17.3,0,0.0,False
20250619_2607LAA000,HA79,R,2607LAA001_B09,2607LAA001_B09_customer.ab1,/home/shane/Documents/work/projects/hogle_lab/experiments/duckweedSynCom/data/raw/sanger_sequencing/20250619_2607LAA000/2607LAA001_B09_customer.ab1,1641,10.1,8.0,0,0.0,0,0,0,0.0,0,0.0,False
20250619_2607LAA000,TL17,R,2607LAA001_D02,2607LAA001_D02_customer.ab1,/home/shane/Documents/work/projects/hogle_lab/experiments/duckweedSynCom/data/raw/sanger_sequencing/20250619_2607LAA000/2607LAA001_D02_customer.ab1,1262,12.6,11.0,0,0.0,0,0,0,0.0,0,0.0,False
20250619_2607LAA000,HA73,R,2607LAA001_D08,2607LAA001_D08_customer.ab1,/home/shane/Documents/work/projects/hogle_lab/experiments/duckweedSynCom/data/raw/sanger_sequencing/20250619_2607LAA000/2607LAA001_D08_customer.ab1,1028,13.5,12.0,0,0.0,0,0,0,0.0,0,0.0,False
20250619_2607LAA000,TL48,R,2607LAA001_E05,2607LAA001_E05_customer.ab1,/home/shane/Documents/work/projects/hogle_lab/experiments/duckweedSynCom/data/raw/sanger_sequencing/20250619_2607LAA000/2607LAA001_E05_customer.ab1,1187,13.6,12.0,0,0.0,134,288,154,17.9,0,0.0,False
20250619_2607LAA000,HA74,R,2607LAA001_E08,2607LAA001_E08_customer.ab1,/home/shane/Documents/work/projects/hogle_lab/experiments/duckweedSynCom/data/raw/sanger_sequencing/20250619_2607LAA000/2607LAA001_E08_customer.ab1,1150,12.6,11.0,0,0.0,0,0,0,0.0,0,0.0,False
20250619_2607LAA000,TL15,R,2607LAA001_F07,2607LAA001_F07_customer.ab1,/home/shane/Documents/work/projects/hogle_lab/experiments/duckweedSynCom/data/raw/sanger_sequencing/20250619_2607LAA000/2607LAA001_F07_customer.ab1,1263,12.4,11.0,0,0.0,0,0,0,0.0,0,0.0,False
20250619_2607LAA000,HA75,R,2607LAA001_F08,2607LAA001_F08_customer.ab1,/home/shane/Documents/work/projects/hogle_lab/experiments/duckweedSynCom/data/raw/sanger_sequencing/20250619_2607LAA000/2607LAA001_F08_customer.ab1,1134,12.4,11.0,0,0.0,0,0,0,0.0,0,0.0,False
20250619_2607LAA000,SJ19,R,2607LAA001_F09,2607LAA001_F09_customer.ab1,/home/shane/Documents/work/projects/hogle_lab/experiments/duckweedSynCom/data/raw/sanger_sequencing/20250619_2607LAA000/2607LAA001_F09_customer.ab1,1707,10.0,8.0,0,0.0,0,0,0,0.0,0,0.0,False
20250619_2607LAA000,HA76,R,2607LAA001_G08,2607LAA001_G08_customer.ab1,/home/shane/Documents/work/projects/hogle_lab/experiments/duckweedSynCom/data/raw/sanger_sequencing/20250619_2607LAA000/2607LAA001_G08_customer.ab1,1208,13.8,12.0,0,0.0,464,793,329,18.7,0,0.0,False
20250619_2607LAA000,HA77,R,2607LAA001_H08,2607LAA001_H08_customer.ab1,/home/shane/Documents/work/projects/hogle_lab/experiments/duckweedSynCom/data/raw/sanger_sequencing/20250619_2607LAA000/2607LAA001_H08_customer.ab1,1179,12.0,11.0,0,0.0,0,0,0,0.0,0,0.0,False
20250619_2607LAA000,SJ21,R,2607LAA001_H09,2607LAA001_H09_customer.ab1,/home/shane/Documents/work/projects/hogle_lab/experiments/duckweedSynCom/data/raw/sanger_sequencing/20250619_2607LAA000/2607LAA001_H09_customer.ab1,1672,10.6,8.0,0,0.0,0,0,0,0.0,0,0.0,False
20250905_2657LAA000,HA09,F,2657LAA000_A01,2657LAA000_A01_customer.ab1,/home/shane/Documents/work/projects/hogle_lab/experiments/duckweedSynCom/data/raw/sanger_sequencing/20250905_2657LAA000/2657LAA000_A01_customer.ab1,1010,14.5,13.0,0,0.0,243,472,229,17.7,0,0.0,False
20250905_2657LAA000,HA69_pink,F,2657LAA000_A04,2657LAA000_A04_customer.ab1,/home/shane/Documents/work/projects/hogle_lab/experiments/duckweedSynCom/data/raw/sanger_sequencing/20250905_2657LAA000/2657LAA000_A04_customer.ab1,1243,12.1,11.0,0,0.0,0,0,0,0.0,0,0.0,False
20250905_2657LAA000,HA09,R,2657LAA000_A07,2657LAA000_A07_customer.ab1,/home/shane/Documents/work/projects/hogle_lab/experiments/duckweedSynCom/data/raw/sanger_sequencing/20250905_2657LAA000/2657LAA000_A07_customer.ab1,1751,9.9,8.0,0,0.0,0,0,0,0.0,0,0.0,False
20250905_2657LAA000,HA21,R,2657LAA000_A08,2657LAA000_A08_customer.ab1,/home/shane/Documents/work/projects/hogle_lab/experiments/duckweedSynCom/data/raw/sanger_sequencing/20250905_2657LAA000/2657LAA000_A08_customer.ab1,1716,9.9,8.0,0,0.0,0,0,0,0.0,0,0.0,False
20250905_2657LAA000,HA69_pink,R,2657LAA000_A10,2657LAA000_A10_customer.ab1,/home/shane/Documents/work/projects/hogle_lab/experiments/duckweedSynCom/data/raw/sanger_sequencing/20250905_2657LAA000/2657LAA000_A10_customer.ab1,1734,10.3,8.0,0,0.0,166,434,268,14.7,0,0.0,False
20250905_2657LAA000,HA19,F,2657LAA000_B01,2657LAA000_B01_customer.ab1,/home/shane/Documents/work/projects/hogle_lab/experiments/duckweedSynCom/data/raw/sanger_sequencing/20250905_2657LAA000/2657LAA000_B01_customer.ab1,1655,11.8,9.0,0,0.0,305,778,473,16.8,0,0.0,False
20250905_2657LAA000,TL40,F,2657LAA000_B03,2657LAA000_B03_customer.ab1,/home/shane/Documents/work/projects/hogle_lab/experiments/duckweedSynCom/data/raw/sanger_sequencing/20250905_2657LAA000/2657LAA000_B03_customer.ab1,1758,11.0,8.5,0,0.0,728,882,154,16.6,0,0.0,False
20250905_2657LAA000,HA69_yellow,F,2657LAA000_B04,2657LAA000_B04_customer.ab1,/home/shane/Documents/work/projects/hogle_lab/experiments/duckweedSynCom/data/raw/sanger_sequencing/20250905_2657LAA000/2657LAA000_B04_customer.ab1,1220,11.5,11.0,0,0.0,0,0,0,0.0,0,0.0,False
20250905_2657LAA000,HA19,R,2657LAA000_B07,2657LAA000_B07_customer.ab1,/home/shane/Documents/work/projects/hogle_lab/experiments/duckweedSynCom/data/raw/sanger_sequencing/20250905_2657LAA000/2657LAA000_B07_customer.ab1,1705,11.3,9.0,0,0.0,0,0,0,0.0,0,0.0,False
20250905_2657LAA000,HA38,R,2657LAA000_B08,2657LAA000_B08_customer.ab1,/home/shane/Documents/work/projects/hogle_lab/experiments/duckweedSynCom/data/raw/sanger_sequencing/20250905_2657LAA000/2657LAA000_B08_customer.ab1,1722,10.8,8.0,0,0.0,344,477,133,16.9,0,0.0,False
20250905_2657LAA000,TL40,R,2657LAA000_B09,2657LAA000_B09_customer.ab1,/home/shane/Documents/work/projects/hogle_lab/experiments/duckweedSynCom/data/raw/sanger_sequencing/20250905_2657LAA000/2657LAA000_B09_customer.ab1,1707,9.1,8.0,0,0.0,0,0,0,0.0,0,0.0,False
20250905_2657LAA000,HA69_yellow,R,2657LAA000_B10,2657LAA000_B10_customer.ab1,/home/shane/Documents/work/projects/hogle_lab/experiments/duckweedSynCom/data/raw/sanger_sequencing/20250905_2657LAA000/2657LAA000_B10_customer.ab1,1755,9.3,8.0,0,0.0,0,0,0,0.0,0,0.0,False
20250905_2657LAA000,HA31,F,2657LAA000_C01,2657LAA000_C01_customer.ab1,/home/shane/Documents/work/projects/hogle_lab/experiments/duckweedSynCom/data/raw/sanger_sequencing/20250905_2657LAA000/2657LAA000_C01_customer.ab1,1056,15.0,13.0,0,0.0,245,601,356,18.8,0,0.0,False
20250905_2657LAA000,TL43,F,2657LAA000_C03,2657LAA000_C03_customer.ab1,/home/shane/Documents/work/projects/hogle_lab/experiments/duckweedSynCom/data/raw/sanger_sequencing/20250905_2657LAA000/2657LAA000_C03_customer.ab1,859,14.8,13.0,0,0.0,294,855,561,16.3,0,0.0,False
20250905_2657LAA000,HA32,F,2657LAA000_C05,2657LAA000_C05_customer.ab1,/home/shane/Documents/work/projects/hogle_lab/experiments/duckweedSynCom/data/raw/sanger_sequencing/20250905_2657LAA000/2657LAA000_C05_customer.ab1,1177,11.6,10.0,0,0.0,14,649,635,14.0,0,0.0,False
20250905_2657LAA000,HA49,R,2657LAA000_C08,2657LAA000_C08_customer.ab1,/home/shane/Documents/work/projects/hogle_lab/experiments/duckweedSynCom/data/raw/sanger_sequencing/20250905_2657LAA000/2657LAA000_C08_customer.ab1,1736,9.6,8.0,0,0.0,0,0,0,0.0,0,0.0,False
20250905_2657LAA000,HA01,R,2657LAA000_C10,2657LAA000_C10_customer.ab1,/home/shane/Documents/work/projects/hogle_lab/experiments/duckweedSynCom/data/raw/sanger_sequencing/20250905_2657LAA000/2657LAA000_C10_customer.ab1,1676,10.2,9.0,0,0.0,0,0,0,0.0,0,0.0,False
20250905_2657LAA000,HA32,R,2657LAA000_C11,2657LAA000_C11_customer.ab1,/home/shane/Documents/work/projects/hogle_lab/experiments/duckweedSynCom/data/raw/sanger_sequencing/20250905_2657LAA000/2657LAA000_C11_customer.ab1,1228,14.3,13.0,0,0.0,57,894,837,16.5,0,0.0,False
20250905_2657LAA000,HA58,F,2657LAA000_D02,2657LAA000_D02_customer.ab1,/home/shane/Documents/work/projects/hogle_lab/experiments/duckweedSynCom/data/raw/sanger_sequencing/20250905_2657LAA000/2657LAA000_D02_customer.ab1,1688,11.3,8.0,0,0.0,545,695,150,17.7,0,0.0,False
20250905_2657LAA000,HA54,R,2657LAA000_D07,2657LAA000_D07_customer.ab1,/home/shane/Documents/work/projects/hogle_lab/experiments/duckweedSynCom/data/raw/sanger_sequencing/20250905_2657LAA000/2657LAA000_D07_customer.ab1,1743,12.6,10.0,0,0.0,187,1075,888,17.0,0,0.0,False
20250905_2657LAA000,HA58,R,2657LAA000_D08,2657LAA000_D08_customer.ab1,/home/shane/Documents/work/projects/hogle_lab/experiments/duckweedSynCom/data/raw/sanger_sequencing/20250905_2657LAA000/2657LAA000_D08_customer.ab1,1313,11.2,10.0,0,0.0,0,0,0,0.0,0,0.0,False
20250905_2657LAA000,TL48,R,2657LAA000_D09,2657LAA000_D09_customer.ab1,/home/shane/Documents/work/projects/hogle_lab/experiments/duckweedSynCom/data/raw/sanger_sequencing/20250905_2657LAA000/2657LAA000_D09_customer.ab1,1021,17.2,16.0,0,0.0,184,779,595,18.8,0,0.0,False
20250905_2657LAA000,HA03,R,2657LAA000_D10,2657LAA000_D10_customer.ab1,/home/shane/Documents/work/projects/hogle_lab/experiments/duckweedSynCom/data/raw/sanger_sequencing/20250905_2657LAA000/2657LAA000_D10_customer.ab1,1572,11.0,9.0,0,0.0,0,0,0,0.0,0,0.0,False
20250905_2657LAA000,HA78,F,2657LAA000_E01,2657LAA000_E01_customer.ab1,/home/shane/Documents/work/projects/hogle_lab/experiments/duckweedSynCom/data/raw/sanger_sequencing/20250905_2657LAA000/2657LAA000_E01_customer.ab1,1125,14.2,12.0,0,0.0,354,613,259,17.3,0,0.0,False
20250905_2657LAA000,HA60,F,2657LAA000_E02,2657LAA000_E02_customer.ab1,/home/shane/Documents/work/projects/hogle_lab/experiments/duckweedSynCom/data/raw/sanger_sequencing/20250905_2657LAA000/2657LAA000_E02_customer.ab1,1295,14.7,13.0,0,0.0,94,804,710,17.0,0,0.0,False
20250905_2657LAA000,HA44,F,2657LAA000_E05,2657LAA000_E05_customer.ab1,/home/shane/Documents/work/projects/hogle_lab/experiments/duckweedSynCom/data/raw/sanger_sequencing/20250905_2657LAA000/2657LAA000_E05_customer.ab1,1280,16.4,14.5,0,0.0,202,961,759,19.7,0,0.0,False
20250905_2657LAA000,HA78,R,2657LAA000_E07,2657LAA000_E07_customer.ab1,/home/shane/Documents/work/projects/hogle_lab/experiments/duckweedSynCom/data/raw/sanger_sequencing/20250905_2657LAA000/2657LAA000_E07_customer.ab1,1676,10.3,9.0,0,0.0,0,0,0,0.0,0,0.0,False
20250905_2657LAA000,HA60,R,2657LAA000_E08,2657LAA000_E08_customer.ab1,/home/shane/Documents/work/projects/hogle_lab/experiments/duckweedSynCom/data/raw/sanger_sequencing/20250905_2657LAA000/2657LAA000_E08_customer.ab1,1692,10.3,9.0,0,0.0,0,0,0,0.0,0,0.0,False
20250905_2657LAA000,HA08,R,2657LAA000_E10,2657LAA000_E10_customer.ab1,/home/shane/Documents/work/projects/hogle_lab/experiments/duckweedSynCom/data/raw/sanger_sequencing/20250905_2657LAA000/2657LAA000_E10_customer.ab1,1655,11.7,9.0,0,0.0,182,796,614,15.4,0,0.0,False
20250905_2657LAA000,SJ01,F,2657LAA000_F01,2657LAA000_F01_customer.ab1,/home/shane/Documents/work/projects/hogle_lab/experiments/duckweedSynCom/data/raw/sanger_sequencing/20250905_2657LAA000/2657LAA000_F01_customer.ab1,960,15.1,13.0,0,0.0,382,740,358,18.2,0,0.0,False
20250905_2657LAA000,TL57,F,2657LAA000_F03,2657LAA000_F03_customer.ab1,/home/shane/Documents/work/projects/hogle_lab/experiments/duckweedSynCom/data/raw/sanger_sequencing/20250905_2657LAA000/2657LAA000_F03_customer.ab1,1256,15.6,13.0,0,0.0,128,920,792,19.3,0,0.0,False
20250905_2657LAA000,TL09,F,2657LAA000_F06,2657LAA000_F06_customer.ab1,/home/shane/Documents/work/projects/hogle_lab/experiments/duckweedSynCom/data/raw/sanger_sequencing/20250905_2657LAA000/2657LAA000_F06_customer.ab1,1295,12.7,11.0,0,0.0,0,0,0,0.0,0,0.0,False
20250905_2657LAA000,SJ01,R,2657LAA000_F07,2657LAA000_F07_customer.ab1,/home/shane/Documents/work/projects/hogle_lab/experiments/duckweedSynCom/data/raw/sanger_sequencing/20250905_2657LAA000/2657LAA000_F07_customer.ab1,1221,15.4,13.0,0,0.0,208,663,455,19.5,0,0.0,False
20250905_2657LAA000,TL57,R,2657LAA000_F09,2657LAA000_F09_customer.ab1,/home/shane/Documents/work/projects/hogle_lab/experiments/duckweedSynCom/data/raw/sanger_sequencing/20250905_2657LAA000/2657LAA000_F09_customer.ab1,948,14.7,13.0,0,0.0,0,0,0,0.0,0,0.0,False
20250905_2657LAA000,HA59,R,2657LAA000_F11,2657LAA000_F11_customer.ab1,/home/shane/Documents/work/projects/hogle_lab/experiments/duckweedSynCom/data/raw/sanger_sequencing/20250905_2657LAA000/2657LAA000_F11_customer.ab1,1776,10.2,8.0,0,0.0,0,0,0,0.0,0,0.0,False
20250905_2657LAA000,TL60,F,2657LAA000_G03,2657LAA000_G03_customer.ab1,/home/shane/Documents/work/projects/hogle_lab/experiments/duckweedSynCom/data/raw/sanger_sequencing/20250905_2657LAA000/2657LAA000_G03_customer.ab1,1775,12.2,9.0,0,0.0,466,1210,744,15.4,0,0.0,False
20250905_2657LAA000,SJ11,R,2657LAA000_G07,2657LAA000_G07_customer.ab1,/home/shane/Documents/work/projects/hogle_lab/experiments/duckweedSynCom/data/raw/sanger_sequencing/20250905_2657LAA000/2657LAA000_G07_customer.ab1,1321,14.1,13.0,0,0.0,76,899,823,15.9,0,0.0,False
20250905_2657LAA000,TL60,R,2657LAA000_G09,2657LAA000_G09_customer.ab1,/home/shane/Documents/work/projects/hogle_lab/experiments/duckweedSynCom/data/raw/sanger_sequencing/20250905_2657LAA000/2657LAA000_G09_customer.ab1,1557,10.1,8.0,0,0.0,0,0,0,0.0,0,0.0,False
20250905_2657LAA000,TL25,R,2657LAA000_G12,2657LAA000_G12_customer.ab1,/home/shane/Documents/work/projects/hogle_lab/experiments/duckweedSynCom/data/raw/sanger_sequencing/20250905_2657LAA000/2657LAA000_G12_customer.ab1,1647,10.3,8.0,0,0.0,0,0,0,0.0,0,0.0,False
20250905_2657LAA000,TL17,F,2657LAA000_H02,2657LAA000_H02_customer.ab1,/home/shane/Documents/work/projects/hogle_lab/experiments/duckweedSynCom/data/raw/sanger_sequencing/20250905_2657LAA000/2657LAA000_H02_customer.ab1,831,16.0,13.0,0,0.0,228,602,374,18.5,0,0.0,False
20250905_2657LAA000,TL66,F,2657LAA000_H03,2657LAA000_H03_customer.ab1,/home/shane/Documents/work/projects/hogle_lab/experiments/duckweedSynCom/data/raw/sanger_sequencing/20250905_2657LAA000/2657LAA000_H03_customer.ab1,1722,11.6,9.0,0,0.0,292,709,417,16.5,0,0.0,False
20250905_2657LAA000,neg,F,2657LAA000_H06,2657LAA000_H06_customer.ab1,/home/shane/Documents/work/projects/hogle_lab/experiments/duckweedSynCom/data/raw/sanger_sequencing/20250905_2657LAA000/2657LAA000_H06_customer.ab1,1181,11.5,11.0,0,0.0,0,0,0,0.0,0,0.0,False
20250905_2657LAA000,TL17,R,2657LAA000_H08,2657LAA000_H08_customer.ab1,/home/shane/Documents/work/projects/hogle_lab/experiments/duckweedSynCom/data/raw/sanger_sequencing/20250905_2657LAA000/2657LAA000_H08_customer.ab1,1306,15.0,13.0,0,0.0,181,1055,874,17.6,0,0.0,False
20250905_2657LAA000,TL66,R,2657LAA000_H09,2657LAA000_H09_customer.ab1,/home/shane/Documents/work/projects/hogle_lab/experiments/duckweedSynCom/data/raw/sanger_sequencing/20250905_2657LAA000/2657LAA000_H09_customer.ab1,1755,10.4,8.0,0,0.0,0,0,0,0.0,0,0.0,False
20250905_2657LAA000,SJ02,R,2657LAA000_H11,2657LAA000_H11_customer.ab1,/home/shane/Documents/work/projects/hogle_lab/experiments/duckweedSynCom/data/raw/sanger_sequencing/20250905_2657LAA000/2657LAA000_H11_customer.ab1,1615,11.0,9.0,0,0.0,0,0,0,0.0,0,0.0,False
20250905_2657LAA000,neg,R,2657LAA000_H12,2657LAA000_H12_customer.ab1,/home/shane/Documents/work/projects/hogle_lab/experiments/duckweedSynCom/data/raw/sanger_sequencing/20250905_2657LAA000/2657LAA000_H12_customer.ab1,1669,11.8,9.0,0,0.0,66,423,357,18.3,0,0.0,False
20260529_EC00233196,HA29,F,2657LAA001_B07,2657LAA001_B07_customer.ab1,/home/shane/Documents/work/projects/hogle_lab/experiments/duckweedSynCom/data/raw/sanger_sequencing/20260529_EC00233196/2657LAA001_B07_customer.ab1,1090,12.1,11.0,0,0.0,0,0,0,0.0,0,0.0,False
20260529_EC00233196,HA29,R,2657LAA001_B08,2657LAA001_B08_customer.ab1,/home/shane/Documents/work/projects/hogle_lab/experiments/duckweedSynCom/data/raw/sanger_sequencing/20260529_EC00233196/2657LAA001_B08_customer.ab1,1160,12.6,11.5,0,0.0,0,0,0,0.0,0,0.0,False
20260529_EC00233196,TL10,F,2657LAA001_D03,2657LAA001_D03_customer.ab1,/home/shane/Documents/work/projects/hogle_lab/experiments/duckweedSynCom/data/raw/sanger_sequencing/20260529_EC00233196/2657LAA001_D03_customer.ab1,1206,12.9,11.0,0,0.0,267,797,530,14.3,0,0.0,False
20260529_EC00233196,TL10,R,2657LAA001_D04,2657LAA001_D04_customer.ab1,/home/shane/Documents/work/projects/hogle_lab/experiments/duckweedSynCom/data/raw/sanger_sequencing/20260529_EC00233196/2657LAA001_D04_customer.ab1,1448,17.3,15.0,0,0.0,62,1448,1386,17.6,0,0.0,False
20260529_EC00233196,HA69B,F,2657LAA001_E09,2657LAA001_E09_customer.ab1,/home/shane/Documents/work/projects/hogle_lab/experiments/duckweedSynCom/data/raw/sanger_sequencing/20260529_EC00233196/2657LAA001_E09_customer.ab1,1160,12.5,11.0,0,0.0,0,0,0,0.0,0,0.0,False
20260529_EC00233196,HA69B,R,2657LAA001_E10,2657LAA001_E10_customer.ab1,/home/shane/Documents/work/projects/hogle_lab/experiments/duckweedSynCom/data/raw/sanger_sequencing/20260529_EC00233196/2657LAA001_E10_customer.ab1,1159,12.7,11.0,0,0.0,0,0,0,0.0,0,0.0,False
20260529_EC00233196,HA25,F,2657LAA001_F01,2657LAA001_F01_customer.ab1,/home/shane/Documents/work/projects/hogle_lab/experiments/duckweedSynCom/data/raw/sanger_sequencing/20260529_EC00233196/2657LAA001_F01_customer.ab1,866,12.9,11.0,0,0.0,0,0,0,0.0,0,0.0,False
20260529_EC00233196,HA25,R,2657LAA001_F02,2657LAA001_F02_customer.ab1,/home/shane/Documents/work/projects/hogle_lab/experiments/duckweedSynCom/data/raw/sanger_sequencing/20260529_EC00233196/2657LAA001_F02_customer.ab1,1026,12.8,11.0,0,0.0,0,0,0,0.0,0,0.0,False
20260529_EC00233196,HA42,F,2657LAA001_G01,2657LAA001_G01_customer.ab1,/home/shane/Documents/work/projects/hogle_lab/experiments/duckweedSynCom/data/raw/sanger_sequencing/20260529_EC00233196/2657LAA001_G01_customer.ab1,979,13.6,12.0,0,0.0,283,676,393,14.5,0,0.0,False
20260529_EC00233196,HA42,R,2657LAA001_G02,2657LAA001_G02_customer.ab1,/home/shane/Documents/work/projects/hogle_lab/experiments/duckweedSynCom/data/raw/sanger_sequencing/20260529_EC00233196/2657LAA001_G02_customer.ab1,951,13.9,12.0,0,0.0,0,0,0,0.0,0,0.0,False
20260529_EC00233196,TL25,F,2657LAA001_G11,2657LAA001_G11_customer.ab1,/home/shane/Documents/work/projects/hogle_lab/experiments/duckweedSynCom/data/raw/sanger_sequencing/20260529_EC00233196/2657LAA001_G11_customer.ab1,1398,16.6,14.0,0,0.0,54,1307,1253,17.3,0,0.0,False
20260529_EC00233196,TL25,R,2657LAA001_G12,2657LAA001_G12_customer.ab1,/home/shane/Documents/work/projects/hogle_lab/experiments/duckweedSynCom/data/raw/sanger_sequencing/20260529_EC00233196/2657LAA001_G12_customer.ab1,1442,16.2,14.0,0,0.0,87,1335,1248,17.1,0,0.0,False
20260529_EC00233196,HA52,F,2657LAA001_H01,2657LAA001_H01_customer.ab1,/home/shane/Documents/work/projects/hogle_lab/experiments/duckweedSynCom/data/raw/sanger_sequencing/20260529_EC00233196/2657LAA001_H01_customer.ab1,851,12.0,11.0,0,0.0,0,0,0,0.0,0,0.0,False
20260529_EC00233196,HA52,R,2657LAA001_H02,2657LAA001_H02_customer.ab1,/home/shane/Documents/work/projects/hogle_lab/experiments/duckweedSynCom/data/raw/sanger_sequencing/20260529_EC00233196/2657LAA001_H02_customer.ab1,858,12.7,12.0,0,0.0,0,0,0,0.0,0,0.0,False
20260921_EC00248049,TL13,F,27C9LAB001_B11,27C9LAB001_B11_customer.ab1,/home/shane/Documents/work/projects/hogle_lab/experiments/duckweedSynCom/data/raw/sanger_sequencing/20260921_EC00248049/27C9LAB001_B11_customer.ab1,1327,17.1,13.0,0,0.0,15,801,786,19.9,0,0.0,False
