HADW1_psbKI,OM569600.1,95.588,544,21,3,9,551,5,546,0.0,907
HADW1_psbKI,OM569602.1,95.572,542,21,3,11,551,8,547,0.0,904
HADW1_psbKI,OM569595.1,95.572,542,21,3,11,551,8,547,0.0,904
HADW1_psbKI,OM793619.1,95.572,542,21,3,11,551,8,547,0.0,904
HADW1_psbKI,OM569601.1,95.572,542,21,3,11,551,8,547,0.0,904
HADW1_psbKI,OM569596.1,95.413,545,21,4,9,551,5,547,0.0,904
HADW1_psbKI,MZ436176.1,95.413,545,21,4,9,551,5,547,0.0,904
HADW1_psbKI,OM569597.1,95.572,542,21,3,11,551,8,547,0.0,904
HADW1_psbKI,OM569599.1,95.572,542,21,3,11,551,8,547,0.0,904
HADW1_psbKI,OM793620.1,95.572,542,21,3,11,551,8,547,0.0,904
HADW1_psbKI,OM793617.1,95.572,542,21,3,11,551,8,547,0.0,904
HADW1_psbKI,OM793618.1,95.572,542,21,3,11,551,8,547,0.0,904
HADW1_psbKI,NC_010109.1,95.413,545,21,4,9,551,7830,8372,0.0,904
HADW1_psbKI,OM569598.1,95.572,542,21,3,11,551,8,547,0.0,904
HADW1_psbKI,KJ921760.1,95.547,539,22,2,13,551,3,539,0.0,900
HADW1_psbKI,OM569590.1,95.547,539,22,2,13,551,1,537,0.0,900
HADW1_psbKI,KJ921759.1,95.547,539,22,2,13,551,1,537,0.0,900
HADW1_psbKI,OM569593.1,95.701,535,21,2,17,551,3,535,0.0,898
HADW1_psbKI,KJ921757.1,95.701,535,21,2,17,551,2,534,0.0,898
HADW1_psbKI,OM569594.1,95.701,535,21,2,17,551,3,535,0.0,898
HADW1_psbKI,KJ921756.1,95.701,535,21,2,17,551,2,534,0.0,898
HADW1_psbKI,OM569603.1,95.048,525,24,2,27,551,1,523,0.0,863
HADW1_psbKI,MG000479.1,96.407,501,16,2,51,551,1,499,0.0,854
HADW1_psbKI,OM569592.1,96.407,501,16,2,51,551,2,500,0.0,854
HADW1_psbKI,MG000447.1,96.407,501,16,2,51,551,1,499,0.0,854
HADW1_psbKI,MG000446.1,96.407,501,16,2,51,551,1,499,0.0,854
HADW1_psbKI,MG000480.1,96.407,501,16,2,51,551,1,499,0.0,854
HADW1_psbKI,OM569591.1,96.230,504,16,3,48,551,7,507,0.0,852
HADW1_psbKI,MT830739.1,96.371,496,16,2,53,548,1,494,0.0,845
HADW1_psbKI,MT830730.1,96.371,496,16,2,53,548,1,494,0.0,845
HADW1_psbKI,MT830741.1,96.371,496,16,2,53,548,1,494,0.0,845
HADW1_psbKI,MT830727.1,96.371,496,16,2,53,548,1,494,0.0,845
HADW1_psbKI,MT830737.1,96.371,496,16,2,53,548,1,494,0.0,845
HADW1_psbKI,MT830731.1,96.371,496,16,2,53,548,1,494,0.0,845
HADW1_psbKI,MT830732.1,96.371,496,16,2,53,548,1,494,0.0,845
HADW1_psbKI,MT830743.1,96.371,496,16,2,53,548,1,494,0.0,845
HADW1_psbKI,MT830733.1,96.371,496,16,2,53,548,1,494,0.0,845
HADW1_psbKI,MT830740.1,96.371,496,16,2,53,548,1,494,0.0,845
HADW1_psbKI,MT830736.1,96.371,496,16,2,53,548,1,494,0.0,845
HADW1_psbKI,MT830734.1,96.371,496,16,2,53,548,1,494,0.0,845
HADW1_psbKI,MT830742.1,96.371,496,16,2,53,548,1,494,0.0,845
HADW1_psbKI,MT830738.1,96.371,496,16,2,53,548,1,494,0.0,845
HADW1_psbKI,MT830725.1,96.371,496,16,2,53,548,1,494,0.0,845
HADW1_psbKI,MT830729.1,96.169,496,17,2,53,548,1,494,0.0,839
HADW1_psbKI,MT830735.1,96.349,493,16,2,56,548,1,491,0.0,839
HADW1_psbKI,MT830728.1,95.968,496,18,2,53,548,1,494,0.0,833
HADW1_psbKI,GU454321.1,97.877,471,8,2,27,497,1,469,0.0,828
HADW1_psbKI,GU454326.1,97.665,471,9,2,27,497,1,469,0.0,822
HADW1_psbKI,NC_072328.1,92.110,545,33,7,9,551,7728,8264,0.0,798
HADW1_psbKI,OM569608.1,92.208,539,34,5,13,551,1,531,0.0,795
HADW1_psbKI,MT830726.1,94.578,498,19,5,53,548,1,492,0.0,793
HADW1_psbKI,MZ436180.1,92.037,540,34,6,13,551,1,532,0.0,789
HADW1_psbKI,OM569609.1,92.250,529,33,5,20,548,1,521,0.0,782
HADW1_psbKI,GU454322.1,95.983,473,11,5,27,497,1,467,0.0,776
HADW1_psbKI,MG000471.1,93.517,509,19,5,51,551,1,503,0.0,774
HADW1_psbKI,OM569606.1,91.225,547,32,8,11,551,8,544,0.0,769
HADW1_psbKI,OM569605.1,91.225,547,32,8,11,551,6,542,0.0,769
HADW1_psbKI,OM569604.1,91.176,544,33,7,13,551,1,534,0.0,763
HADW1_psbKI,MG000500.1,92.814,501,28,5,51,551,1,493,0.0,749
HADW1_psbKI,MG000491.1,92.814,501,28,5,51,551,1,493,0.0,749
HADW1_psbKI,MG000493.1,92.814,501,28,5,51,551,1,493,0.0,749
HADW1_psbKI,MG000496.1,92.814,501,28,5,51,551,1,493,0.0,749
HADW1_psbKI,MG000455.1,92.814,501,28,5,51,551,1,493,0.0,749
HADW1_psbKI,MG000502.1,92.814,501,28,5,51,551,1,493,0.0,749
HADW1_psbKI,MG000449.1,92.814,501,28,5,51,551,1,493,0.0,749
HADW1_psbKI,MG000489.1,92.814,501,28,5,51,551,1,493,0.0,749
HADW1_psbKI,MG000463.1,92.814,501,28,5,51,551,1,493,0.0,749
HADW1_psbKI,MG000465.1,92.814,501,28,5,51,551,1,493,0.0,749
HADW1_psbKI,MG000504.1,92.814,501,28,5,51,551,1,493,0.0,749
HADW1_psbKI,MG000470.1,92.814,501,28,5,51,551,1,493,0.0,749
HADW1_psbKI,MG000468.1,92.814,501,28,5,51,551,1,493,0.0,749
HADW1_psbKI,MG000476.1,92.814,501,28,5,51,551,1,493,0.0,749
HADW1_psbKI,MG000453.1,92.814,501,28,5,51,551,1,493,0.0,749
HADW1_psbKI,MG000482.1,92.814,501,28,5,51,551,1,493,0.0,749
HADW1_psbKI,MG000436.1,92.814,501,28,5,51,551,1,493,0.0,749
HADW1_psbKI,MG000498.1,92.814,501,28,5,51,551,1,493,0.0,749
HADW1_psbKI,MG000454.1,92.814,501,28,5,51,551,1,493,0.0,749
HADW1_psbKI,MG000497.1,92.814,501,28,5,51,551,1,493,0.0,749
HADW1_psbKI,MG000472.1,92.814,501,28,5,51,551,1,493,0.0,749
HADW1_psbKI,MG000487.1,92.814,501,28,5,51,551,1,493,0.0,749
HADW1_psbKI,MG000460.1,92.814,501,28,5,51,551,1,493,0.0,749
HADW1_psbKI,MG000505.1,92.814,501,28,5,51,551,1,493,0.0,749
HADW1_psbKI,MG000469.1,92.814,501,28,5,51,551,1,493,0.0,749
HADW1_psbKI,MG000474.1,92.814,501,28,5,51,551,1,493,0.0,749
HADW1_psbKI,MG000481.1,92.814,501,28,5,51,551,1,493,0.0,749
HADW1_psbKI,MG000473.1,92.814,501,28,5,51,551,1,493,0.0,749
HADW1_psbKI,MG000459.1,92.814,501,28,5,51,551,1,493,0.0,749
HADW1_psbKI,MG000483.1,92.814,501,28,5,51,551,1,493,0.0,749
HADW1_psbKI,MG000443.1,92.814,501,28,5,51,551,1,493,0.0,749
HADW1_psbKI,MG000501.1,92.814,501,28,5,51,551,1,493,0.0,749
HADW1_psbKI,MG000461.1,92.814,501,28,5,51,551,1,493,0.0,749
HADW1_psbKI,MG000457.1,92.814,501,28,5,51,551,1,493,0.0,749
HADW1_psbKI,MG000492.1,92.814,501,28,5,51,551,1,493,0.0,749
HADW1_psbKI,MG000484.1,92.814,501,28,5,51,551,1,493,0.0,749
HADW1_psbKI,MG000486.1,92.814,501,28,5,51,551,1,493,0.0,749
HADW1_psbKI,MG000438.1,92.814,501,28,5,51,551,1,493,0.0,749
HADW1_psbKI,MG000478.1,92.814,501,28,5,51,551,1,493,0.0,749
HADW1_psbKI,MG000456.1,92.814,501,28,5,51,551,1,493,0.0,749
HADW1_psbKI,MG000494.1,92.814,501,28,5,51,551,1,493,0.0,749
HADW1_psbKI,MG000467.1,92.814,501,28,5,51,551,1,493,0.0,749


