SJDW3_atpFH,OM569539.1,88.939,669,65,8,1,665,670,7,0.0,924
SJDW3_atpFH,OM569536.1,88.939,669,65,8,1,665,669,6,0.0,924
SJDW3_atpFH,OM569532.1,88.789,669,66,8,1,665,682,19,0.0,918
SJDW3_atpFH,OM569537.1,88.789,669,66,8,1,665,669,6,0.0,918
SJDW3_atpFH,OM569538.1,88.789,669,66,8,1,665,668,5,0.0,918
SJDW3_atpFH,OM793615.1,88.789,669,66,8,1,665,668,5,0.0,918
SJDW3_atpFH,KJ921746.1,88.789,669,66,8,1,665,668,5,0.0,918
SJDW3_atpFH,KX212888.1,88.789,669,66,8,1,665,17,680,0.0,918
SJDW3_atpFH,OM569535.1,88.789,669,66,8,1,665,668,5,0.0,918
SJDW3_atpFH,OM569534.1,88.789,669,66,8,1,665,671,8,0.0,918
SJDW3_atpFH,OM569529.1,88.789,669,66,8,1,665,680,17,0.0,918
SJDW3_atpFH,OM569540.1,88.789,669,66,8,1,665,671,8,0.0,918
SJDW3_atpFH,NC_010109.1,88.789,669,66,8,1,665,14352,15015,0.0,918
SJDW3_atpFH,KJ921747.1,88.789,669,66,8,1,665,672,9,0.0,918
SJDW3_atpFH,OM569531.1,88.789,669,66,8,1,665,682,19,0.0,918
SJDW3_atpFH,OM569533.1,88.789,669,66,8,1,665,682,19,0.0,918
SJDW3_atpFH,OM793614.1,88.789,669,66,8,1,665,669,6,0.0,918
SJDW3_atpFH,OM793613.1,88.756,667,67,7,1,664,668,7,0.0,917
SJDW3_atpFH,OM793612.1,88.640,669,67,8,1,665,669,6,0.0,913
SJDW3_atpFH,OM569541.1,88.490,669,68,8,1,665,671,8,0.0,907
SJDW3_atpFH,OM569530.1,88.650,652,66,7,1,649,647,1,0.0,894
SJDW3_atpFH,KF726150.1,88.752,649,65,7,20,665,1,644,0.0,894
SJDW3_atpFH,MG000372.1,88.906,640,64,6,28,665,2,636,0.0,889
SJDW3_atpFH,MG000405.1,88.906,640,64,6,28,665,2,636,0.0,889
SJDW3_atpFH,MG000373.1,88.906,640,64,6,28,665,2,636,0.0,889
SJDW3_atpFH,MG000397.1,88.906,640,64,6,28,665,2,636,0.0,889
SJDW3_atpFH,MG000406.1,88.906,640,64,6,28,665,2,636,0.0,889
SJDW3_atpFH,MT891072.1,88.976,635,64,5,28,661,630,1,0.0,887
SJDW3_atpFH,MT891084.1,88.976,635,64,5,28,661,630,1,0.0,887
SJDW3_atpFH,MT891074.1,88.976,635,64,5,28,661,630,1,0.0,887
SJDW3_atpFH,MT891078.1,88.976,635,64,5,28,661,630,1,0.0,887
SJDW3_atpFH,OM569542.1,88.976,635,64,5,28,661,630,1,0.0,887
SJDW3_atpFH,MT891065.1,88.976,635,64,5,28,661,630,1,0.0,887
SJDW3_atpFH,MT891071.1,88.976,635,64,5,28,661,630,1,0.0,887
SJDW3_atpFH,MT891079.1,88.976,635,64,5,28,661,630,1,0.0,887
SJDW3_atpFH,MT891069.1,88.976,635,64,5,28,661,630,1,0.0,887
SJDW3_atpFH,MT891082.1,88.976,635,64,5,28,661,630,1,0.0,887
SJDW3_atpFH,MT891063.1,88.976,635,64,5,28,661,630,1,0.0,887
SJDW3_atpFH,MT891076.1,88.976,635,64,5,28,661,630,1,0.0,887
SJDW3_atpFH,MT891081.1,88.976,635,64,5,28,661,630,1,0.0,887
SJDW3_atpFH,MT891066.1,88.976,635,64,5,28,661,630,1,0.0,887
SJDW3_atpFH,MT891075.1,88.976,635,64,5,28,661,630,1,0.0,887
SJDW3_atpFH,MT891085.1,88.976,635,64,5,28,661,630,1,0.0,887
SJDW3_atpFH,MT891077.1,88.976,635,64,5,28,661,630,1,0.0,887
SJDW3_atpFH,MT891080.1,88.976,635,64,5,28,661,630,1,0.0,887
SJDW3_atpFH,MT891064.1,88.976,635,64,5,28,661,630,1,0.0,887
SJDW3_atpFH,MT891062.1,88.976,635,64,5,28,661,630,1,0.0,887
SJDW3_atpFH,MT891067.1,88.976,635,64,5,28,661,630,1,0.0,887
SJDW3_atpFH,MT891073.1,88.976,635,64,5,28,661,630,1,0.0,887
SJDW3_atpFH,MT891070.1,88.976,635,64,5,28,661,630,1,0.0,887
SJDW3_atpFH,MT891068.1,88.976,635,64,5,28,661,630,1,0.0,887
SJDW3_atpFH,MT891083.1,88.976,635,64,5,28,661,630,1,0.0,887
SJDW3_atpFH,MT830714.1,88.618,615,64,5,29,642,610,1,0.0,850
SJDW3_atpFH,MT830702.1,88.618,615,64,5,29,642,610,1,0.0,850
SJDW3_atpFH,MT830703.1,88.618,615,64,5,29,642,610,1,0.0,850
SJDW3_atpFH,MT830708.1,88.618,615,64,5,29,642,610,1,0.0,850
SJDW3_atpFH,MT830715.1,88.618,615,64,5,29,642,610,1,0.0,850
SJDW3_atpFH,MT830706.1,88.618,615,64,5,29,642,610,1,0.0,850
SJDW3_atpFH,MT830712.1,88.618,615,64,5,29,642,610,1,0.0,850
SJDW3_atpFH,MT830705.1,88.618,615,64,5,29,642,610,1,0.0,850
SJDW3_atpFH,MT830713.1,88.618,615,64,5,29,642,610,1,0.0,850
SJDW3_atpFH,MT830718.1,88.618,615,64,5,29,642,610,1,0.0,850
SJDW3_atpFH,MT830711.1,88.618,615,64,5,29,642,610,1,0.0,850
SJDW3_atpFH,MT830709.1,88.618,615,64,5,29,642,610,1,0.0,850
SJDW3_atpFH,MT830704.1,88.618,615,64,5,29,642,610,1,0.0,850
SJDW3_atpFH,MT830707.1,88.618,615,64,5,29,642,610,1,0.0,850
SJDW3_atpFH,MT830716.1,88.618,615,64,5,29,642,610,1,0.0,850
SJDW3_atpFH,MT830710.1,88.618,615,64,5,29,642,610,1,0.0,850
SJDW3_atpFH,MT830717.1,88.618,615,64,5,29,642,610,1,0.0,850
SJDW3_atpFH,MT830701.1,88.618,615,64,5,29,642,610,1,0.0,850
SJDW3_atpFH,MZ436179.1,86.996,669,74,9,1,665,5,664,0.0,848
SJDW3_atpFH,NC_072328.1,86.996,669,74,9,1,665,14284,14943,0.0,848
SJDW3_atpFH,OM569547.1,86.996,669,74,9,1,665,670,11,0.0,848
SJDW3_atpFH,KU870519.1,86.982,676,68,14,1,665,685,19,0.0,846
SJDW3_atpFH,OK095300.1,86.982,676,68,14,1,665,1,667,0.0,846
SJDW3_atpFH,KJ921745.1,86.982,676,68,14,1,665,671,5,0.0,846
SJDW3_atpFH,OM569528.1,86.982,676,68,14,1,665,674,8,0.0,846
SJDW3_atpFH,OK598953.1,86.982,676,68,14,1,665,17,683,0.0,846
SJDW3_atpFH,KX212889.1,86.982,676,68,14,1,665,17,683,0.0,846
SJDW3_atpFH,KX212887.1,86.982,676,68,14,1,665,17,683,0.0,846
SJDW3_atpFH,OK598958.1,87.054,672,68,13,4,665,1,663,0.0,845
SJDW3_atpFH,KJ921743.1,88.581,613,63,6,28,638,608,1,0.0,845
SJDW3_atpFH,KJ921744.1,88.506,609,63,6,29,635,604,1,0.0,837
SJDW3_atpFH,OK598959.1,86.937,666,68,13,1,656,3,659,0.0,833
SJDW3_atpFH,MT891088.1,87.227,642,68,9,28,661,636,1,0.0,826
SJDW3_atpFH,MT891091.1,87.227,642,68,9,28,661,636,1,0.0,826
SJDW3_atpFH,MT891094.1,87.227,642,68,9,28,661,636,1,0.0,826
SJDW3_atpFH,MT891089.1,87.227,642,68,9,28,661,636,1,0.0,826
SJDW3_atpFH,MT891092.1,87.227,642,68,9,28,661,636,1,0.0,826
SJDW3_atpFH,MT891095.1,87.227,642,68,9,28,661,636,1,0.0,826
SJDW3_atpFH,MT891093.1,87.227,642,68,9,28,661,636,1,0.0,826
SJDW3_atpFH,HQ594751.1,89.231,585,57,5,28,611,2,581,0.0,822
SJDW3_atpFH,MG775391.1,88.721,594,61,5,50,642,589,1,0.0,822
SJDW3_atpFH,GU454231.1,88.721,594,61,5,50,642,589,1,0.0,822
SJDW3_atpFH,KF726146.1,86.883,648,74,7,20,665,1,639,0.0,822
SJDW3_atpFH,GU454229.1,88.739,595,59,7,50,642,589,1,0.0,821
SJDW3_atpFH,GU454225.1,88.739,595,59,7,50,642,589,1,0.0,821
SJDW3_atpFH,GU454226.1,88.721,594,60,6,50,642,588,1,0.0,819
SJDW3_atpFH,MG000416.1,87.017,647,66,12,28,665,2,639,0.0,817
SJDW3_atpFH,GU454230.1,88.721,594,59,7,50,642,587,1,0.0,817


