Description,Scientific Name,Max Score,Total Score,Query Cover,E value,Per. ident,Acc. Len,Accession  
"Lemna minor strain K45 AtpH (atpH) gene, partial cds; atpH-atpF intergenic spacer, complete sequence; and AtpF (atpF) gene, partial cds; chloroplast",Lemna minor,924,924,98%,0.0,88.94,673,"=HYPERLINK(""https://www.ncbi.nlm.nih.gov/nucleotide/OM569539.1?report=genbank&log$=nucltop&blast_rank=1&RID=GE9MFY48014"",""OM569539.1"")"
"Lemna minor strain K41 AtpH (atpH) gene, partial cds; atpH-atpF intergenic spacer, complete sequence; and AtpF (atpF) gene, partial cds; chloroplast",Lemna minor,924,924,98%,0.0,88.94,672,"=HYPERLINK(""https://www.ncbi.nlm.nih.gov/nucleotide/OM569536.1?report=genbank&log$=nucltop&blast_rank=2&RID=GE9MFY48014"",""OM569536.1"")"
"Lemna minor strain DW99 AtpH (atpH) gene, partial cds; atpH-atpF intergenic spacer, complete sequence; and AtpF (atpF) gene, partial cds; chloroplast",Lemna minor,918,918,98%,0.0,88.79,690,"=HYPERLINK(""https://www.ncbi.nlm.nih.gov/nucleotide/OM569532.1?report=genbank&log$=nucltop&blast_rank=3&RID=GE9MFY48014"",""OM569532.1"")"
"Lemna minor strain K43 AtpH (atpH) gene, partial cds; atpH-atpF intergenic spacer, complete sequence; and AtpF (atpF) gene, partial cds; chloroplast",Lemna minor,918,918,98%,0.0,88.79,672,"=HYPERLINK(""https://www.ncbi.nlm.nih.gov/nucleotide/OM569537.1?report=genbank&log$=nucltop&blast_rank=4&RID=GE9MFY48014"",""OM569537.1"")"
"Lemna minor strain K44 AtpH (atpH) gene, partial cds; atpH-atpF intergenic spacer, complete sequence; and AtpF (atpF) gene, partial cds; chloroplast",Lemna minor,918,918,98%,0.0,88.79,671,"=HYPERLINK(""https://www.ncbi.nlm.nih.gov/nucleotide/OM569538.1?report=genbank&log$=nucltop&blast_rank=5&RID=GE9MFY48014"",""OM569538.1"")"
"Lemna minor strain DW76 AtpH (atpH) gene, partial cds; atpH-atpF intergenic spacer, complete sequence; and AtpF (atpF) gene, partial cds; chloroplast",Lemna minor,918,918,98%,0.0,88.79,670,"=HYPERLINK(""https://www.ncbi.nlm.nih.gov/nucleotide/OM793615.1?report=genbank&log$=nucltop&blast_rank=6&RID=GE9MFY48014"",""OM793615.1"")"
"Lemna japonica strain 0189 AtpH gene, partial cds; atpH-atpF intergenic spacer, complete sequence; and AtpF gene, partial cds; plastid",Lemna japonica,918,918,98%,0.0,88.79,672,"=HYPERLINK(""https://www.ncbi.nlm.nih.gov/nucleotide/KJ921746.1?report=genbank&log$=nucltop&blast_rank=7&RID=GE9MFY48014"",""KJ921746.1"")"
"Lemna minor strain RDSC 7210 ATPase subunit I gene, partial cds; atpF-atpH intergenic spacer, complete sequence; and ATPase subunit II gene, partial cds; chloroplast",Lemna minor,918,918,98%,0.0,88.79,698,"=HYPERLINK(""https://www.ncbi.nlm.nih.gov/nucleotide/KX212888.1?report=genbank&log$=nucltop&blast_rank=8&RID=GE9MFY48014"",""KX212888.1"")"
"Lemna minor strain K39 AtpH (atpH) gene, partial cds; atpH-atpF intergenic spacer, complete sequence; and AtpF (atpF) gene, partial cds; chloroplast",Lemna minor,918,918,98%,0.0,88.79,671,"=HYPERLINK(""https://www.ncbi.nlm.nih.gov/nucleotide/OM569535.1?report=genbank&log$=nucltop&blast_rank=9&RID=GE9MFY48014"",""OM569535.1"")"
"Lemna minor strain K38 AtpH (atpH) gene, partial cds; atpH-atpF intergenic spacer, complete sequence; and AtpF (atpF) gene, partial cds; chloroplast",Lemna minor,918,918,98%,0.0,88.79,673,"=HYPERLINK(""https://www.ncbi.nlm.nih.gov/nucleotide/OM569534.1?report=genbank&log$=nucltop&blast_rank=10&RID=GE9MFY48014"",""OM569534.1"")"
"Lemna minor strain DW31 AtpH (atpH) gene, partial cds; atpH-atpF intergenic spacer, complete sequence; and AtpF (atpF) gene, partial cds; chloroplast",Lemna minor,918,918,98%,0.0,88.79,687,"=HYPERLINK(""https://www.ncbi.nlm.nih.gov/nucleotide/OM569529.1?report=genbank&log$=nucltop&blast_rank=11&RID=GE9MFY48014"",""OM569529.1"")"
"Lemna minor strain K46 AtpH (atpH) gene, partial cds; atpH-atpF intergenic spacer, complete sequence; and AtpF (atpF) gene, partial cds; chloroplast",Lemna minor,918,918,98%,0.0,88.79,674,"=HYPERLINK(""https://www.ncbi.nlm.nih.gov/nucleotide/OM569540.1?report=genbank&log$=nucltop&blast_rank=12&RID=GE9MFY48014"",""OM569540.1"")"
"Lemna minor chloroplast, complete genome",Lemna minor,918,918,98%,0.0,88.79,165955,"=HYPERLINK(""https://www.ncbi.nlm.nih.gov/nucleotide/NC_010109.1?report=genbank&log$=nucltop&blast_rank=13&RID=GE9MFY48014"",""NC_010109.1"")"
"Lemna japonica strain 0216 AtpH gene, partial cds; atpH-atpF intergenic spacer, complete sequence; and AtpF gene, partial cds; plastid",Lemna japonica,918,918,98%,0.0,88.79,676,"=HYPERLINK(""https://www.ncbi.nlm.nih.gov/nucleotide/KJ921747.1?report=genbank&log$=nucltop&blast_rank=14&RID=GE9MFY48014"",""KJ921747.1"")"
"Lemna minor strain DW41 AtpH (atpH) gene, partial cds; atpH-atpF intergenic spacer, complete sequence; and AtpF (atpF) gene, partial cds; chloroplast",Lemna minor,918,918,98%,0.0,88.79,689,"=HYPERLINK(""https://www.ncbi.nlm.nih.gov/nucleotide/OM569531.1?report=genbank&log$=nucltop&blast_rank=15&RID=GE9MFY48014"",""OM569531.1"")"
"Lemna minor strain DW105 AtpH (atpH) gene, partial cds; atpH-atpF intergenic spacer, complete sequence; and AtpF (atpF) gene, partial cds; chloroplast",Lemna minor,918,918,98%,0.0,88.79,687,"=HYPERLINK(""https://www.ncbi.nlm.nih.gov/nucleotide/OM569533.1?report=genbank&log$=nucltop&blast_rank=16&RID=GE9MFY48014"",""OM569533.1"")"
"Lemna minor strain DW74 AtpH (atpH) gene, partial cds; atpH-atpF intergenic spacer, complete sequence; and AtpF (atpF) gene, partial cds; chloroplast",Lemna minor,918,918,98%,0.0,88.79,671,"=HYPERLINK(""https://www.ncbi.nlm.nih.gov/nucleotide/OM793614.1?report=genbank&log$=nucltop&blast_rank=17&RID=GE9MFY48014"",""OM793614.1"")"
"Lemna minor strain DW73 AtpH (atpH) gene, partial cds; atpH-atpF intergenic spacer, complete sequence; and AtpF (atpF) gene, partial cds; chloroplast",Lemna minor,917,917,98%,0.0,88.76,670,"=HYPERLINK(""https://www.ncbi.nlm.nih.gov/nucleotide/OM793613.1?report=genbank&log$=nucltop&blast_rank=18&RID=GE9MFY48014"",""OM793613.1"")"
"Lemna minor strain DW72 AtpH (atpH) gene, partial cds; atpH-atpF intergenic spacer, complete sequence; and AtpF (atpF) gene, partial cds; chloroplast",Lemna minor,913,913,98%,0.0,88.64,672,"=HYPERLINK(""https://www.ncbi.nlm.nih.gov/nucleotide/OM793612.1?report=genbank&log$=nucltop&blast_rank=19&RID=GE9MFY48014"",""OM793612.1"")"
"Lemna minor strain K48 AtpH (atpH) gene, partial cds; atpH-atpF intergenic spacer, complete sequence; and AtpF (atpF) gene, partial cds; chloroplast",Lemna minor,907,907,98%,0.0,88.49,674,"=HYPERLINK(""https://www.ncbi.nlm.nih.gov/nucleotide/OM569541.1?report=genbank&log$=nucltop&blast_rank=20&RID=GE9MFY48014"",""OM569541.1"")"
"Lemna minor strain DW38 AtpH (atpH) gene, partial cds; atpH-atpF intergenic spacer, complete sequence; and AtpF (atpF) gene, partial cds; chloroplast",Lemna minor,894,894,96%,0.0,88.65,652,"=HYPERLINK(""https://www.ncbi.nlm.nih.gov/nucleotide/OM569530.1?report=genbank&log$=nucltop&blast_rank=21&RID=GE9MFY48014"",""OM569530.1"")"
"Lemna minor strain 6a ATPase subunit I (atpF) gene, partial cds; atpF-atpH intergenic spacer, complete sequence; and ATPase subunit III (atpH) gene, partial cds; chloroplast",Lemna minor,894,894,96%,0.0,88.75,648,"=HYPERLINK(""https://www.ncbi.nlm.nih.gov/nucleotide/KF726150.1?report=genbank&log$=nucltop&blast_rank=22&RID=GE9MFY48014"",""KF726150.1"")"
"Lemna minor strain CPCC_490 ATPase subunit I (atpF) gene, partial cds; atpF-atpH intergenic spacer, complete sequence; and ATPase subunit III (atpH) gene, partial cds; chloroplast",Lemna minor,889,889,94%,0.0,88.91,640,"=HYPERLINK(""https://www.ncbi.nlm.nih.gov/nucleotide/MG000372.1?report=genbank&log$=nucltop&blast_rank=23&RID=GE9MFY48014"",""MG000372.1"")"
"Lemna minor strain Skf_B ATPase subunit I (atpF) gene, partial cds; atpF-atpH intergenic spacer, complete sequence; and ATPase subunit III (atpH) gene, partial cds; chloroplast",Lemna minor,889,889,94%,0.0,88.91,640,"=HYPERLINK(""https://www.ncbi.nlm.nih.gov/nucleotide/MG000405.1?report=genbank&log$=nucltop&blast_rank=24&RID=GE9MFY48014"",""MG000405.1"")"
"Lemna minor strain CPCC_492 ATPase subunit I (atpF) gene, partial cds; atpF-atpH intergenic spacer, complete sequence; and ATPase subunit III (atpH) gene, partial cds; chloroplast",Lemna minor,889,889,94%,0.0,88.91,640,"=HYPERLINK(""https://www.ncbi.nlm.nih.gov/nucleotide/MG000373.1?report=genbank&log$=nucltop&blast_rank=25&RID=GE9MFY48014"",""MG000373.1"")"
"Lemna minor strain RDSC_7123 ATPase subunit I (atpF) gene, partial cds; atpF-atpH intergenic spacer, complete sequence; and ATPase subunit III (atpH) gene, partial cds; chloroplast",Lemna minor,889,889,94%,0.0,88.91,640,"=HYPERLINK(""https://www.ncbi.nlm.nih.gov/nucleotide/MG000397.1?report=genbank&log$=nucltop&blast_rank=26&RID=GE9MFY48014"",""MG000397.1"")"
"Lemna minor strain Skf_C ATPase subunit I (atpF) gene, partial cds; atpF-atpH intergenic spacer, complete sequence; and ATPase subunit III (atpH) gene, partial cds; chloroplast",Lemna minor,889,889,94%,0.0,88.91,640,"=HYPERLINK(""https://www.ncbi.nlm.nih.gov/nucleotide/MG000406.1?report=genbank&log$=nucltop&blast_rank=27&RID=GE9MFY48014"",""MG000406.1"")"
"Lemna minor voucher NIGEB-11lm ATPase subunit III (atpH) gene, partial cds; atpH-atpF intergenic spacer, complete sequence; and ATPase subunit I (atpF) gene, partial cds; chloroplast",Lemna minor,887,887,94%,0.0,88.98,630,"=HYPERLINK(""https://www.ncbi.nlm.nih.gov/nucleotide/MT891072.1?report=genbank&log$=nucltop&blast_rank=28&RID=GE9MFY48014"",""MT891072.1"")"
"Lemna minor voucher NIGEB-25lm ATPase subunit III (atpH) gene, partial cds; atpH-atpF intergenic spacer, complete sequence; and ATPase subunit I (atpF) gene, partial cds; chloroplast",Lemna minor,887,887,94%,0.0,88.98,630,"=HYPERLINK(""https://www.ncbi.nlm.nih.gov/nucleotide/MT891084.1?report=genbank&log$=nucltop&blast_rank=29&RID=GE9MFY48014"",""MT891084.1"")"
"Lemna minor voucher NIGEB-13lm ATPase subunit III (atpH) gene, partial cds; atpH-atpF intergenic spacer, complete sequence; and ATPase subunit I (atpF) gene, partial cds; chloroplast",Lemna minor,887,887,94%,0.0,88.98,630,"=HYPERLINK(""https://www.ncbi.nlm.nih.gov/nucleotide/MT891074.1?report=genbank&log$=nucltop&blast_rank=30&RID=GE9MFY48014"",""MT891074.1"")"
"Lemna minor voucher NIGEB-18lm ATPase subunit III (atpH) gene, partial cds; atpH-atpF intergenic spacer, complete sequence; and ATPase subunit I (atpF) gene, partial cds; chloroplast",Lemna minor,887,887,94%,0.0,88.98,630,"=HYPERLINK(""https://www.ncbi.nlm.nih.gov/nucleotide/MT891078.1?report=genbank&log$=nucltop&blast_rank=31&RID=GE9MFY48014"",""MT891078.1"")"
"Lemna minor strain Ya2 AtpH (atpH) gene, partial cds; atpH-atpF intergenic spacer, complete sequence; and AtpF (atpF) gene, partial cds; chloroplast",Lemna minor,887,887,94%,0.0,88.98,636,"=HYPERLINK(""https://www.ncbi.nlm.nih.gov/nucleotide/OM569542.1?report=genbank&log$=nucltop&blast_rank=32&RID=GE9MFY48014"",""OM569542.1"")"
"Lemna minor voucher NIGEB-4lm ATPase subunit III (atpH) gene, partial cds; atpH-atpF intergenic spacer, complete sequence; and ATPase subunit I (atpF) gene, partial cds; chloroplast",Lemna minor,887,887,94%,0.0,88.98,630,"=HYPERLINK(""https://www.ncbi.nlm.nih.gov/nucleotide/MT891065.1?report=genbank&log$=nucltop&blast_rank=33&RID=GE9MFY48014"",""MT891065.1"")"
"Lemna minor voucher NIGEB-10lm ATPase subunit III (atpH) gene, partial cds; atpH-atpF intergenic spacer, complete sequence; and ATPase subunit I (atpF) gene, partial cds; chloroplast",Lemna minor,887,887,94%,0.0,88.98,630,"=HYPERLINK(""https://www.ncbi.nlm.nih.gov/nucleotide/MT891071.1?report=genbank&log$=nucltop&blast_rank=34&RID=GE9MFY48014"",""MT891071.1"")"
"Lemna minor voucher NIGEB-19lm ATPase subunit III (atpH) gene, partial cds; atpH-atpF intergenic spacer, complete sequence; and ATPase subunit I (atpF) gene, partial cds; chloroplast",Lemna minor,887,887,94%,0.0,88.98,630,"=HYPERLINK(""https://www.ncbi.nlm.nih.gov/nucleotide/MT891079.1?report=genbank&log$=nucltop&blast_rank=35&RID=GE9MFY48014"",""MT891079.1"")"
"Lemna minor voucher NIGEB-8lm ATPase subunit III (atpH) gene, partial cds; atpH-atpF intergenic spacer, complete sequence; and ATPase subunit I (atpF) gene, partial cds; chloroplast",Lemna minor,887,887,94%,0.0,88.98,630,"=HYPERLINK(""https://www.ncbi.nlm.nih.gov/nucleotide/MT891069.1?report=genbank&log$=nucltop&blast_rank=36&RID=GE9MFY48014"",""MT891069.1"")"
"Lemna minor voucher NIGEB-23lm ATPase subunit III (atpH) gene, partial cds; atpH-atpF intergenic spacer, complete sequence; and ATPase subunit I (atpF) gene, partial cds; chloroplast",Lemna minor,887,887,94%,0.0,88.98,630,"=HYPERLINK(""https://www.ncbi.nlm.nih.gov/nucleotide/MT891082.1?report=genbank&log$=nucltop&blast_rank=37&RID=GE9MFY48014"",""MT891082.1"")"
"Lemna minor voucher NIGEB-2lm ATPase subunit III (atpH) gene, partial cds; atpH-atpF intergenic spacer, complete sequence; and ATPase subunit I (atpF) gene, partial cds; chloroplast",Lemna minor,887,887,94%,0.0,88.98,630,"=HYPERLINK(""https://www.ncbi.nlm.nih.gov/nucleotide/MT891063.1?report=genbank&log$=nucltop&blast_rank=38&RID=GE9MFY48014"",""MT891063.1"")"
"Lemna minor voucher NIGEB-15lm ATPase subunit III (atpH) gene, partial cds; atpH-atpF intergenic spacer, complete sequence; and ATPase subunit I (atpF) gene, partial cds; chloroplast",Lemna minor,887,887,94%,0.0,88.98,630,"=HYPERLINK(""https://www.ncbi.nlm.nih.gov/nucleotide/MT891076.1?report=genbank&log$=nucltop&blast_rank=39&RID=GE9MFY48014"",""MT891076.1"")"
"Lemna minor voucher NIGEB-22lm ATPase subunit III (atpH) gene, partial cds; atpH-atpF intergenic spacer, complete sequence; and ATPase subunit I (atpF) gene, partial cds; chloroplast",Lemna minor,887,887,94%,0.0,88.98,630,"=HYPERLINK(""https://www.ncbi.nlm.nih.gov/nucleotide/MT891081.1?report=genbank&log$=nucltop&blast_rank=40&RID=GE9MFY48014"",""MT891081.1"")"
"Lemna minor voucher NIGEB-5lm ATPase subunit III (atpH) gene, partial cds; atpH-atpF intergenic spacer, complete sequence; and ATPase subunit I (atpF) gene, partial cds; chloroplast",Lemna minor,887,887,94%,0.0,88.98,630,"=HYPERLINK(""https://www.ncbi.nlm.nih.gov/nucleotide/MT891066.1?report=genbank&log$=nucltop&blast_rank=41&RID=GE9MFY48014"",""MT891066.1"")"
"Lemna minor voucher NIGEB-14lm ATPase subunit III (atpH) gene, partial cds; atpH-atpF intergenic spacer, complete sequence; and ATPase subunit I (atpF) gene, partial cds; chloroplast",Lemna minor,887,887,94%,0.0,88.98,630,"=HYPERLINK(""https://www.ncbi.nlm.nih.gov/nucleotide/MT891075.1?report=genbank&log$=nucltop&blast_rank=42&RID=GE9MFY48014"",""MT891075.1"")"
"Lemna minor voucher NIGEB-26lm ATPase subunit III (atpH) gene, partial cds; atpH-atpF intergenic spacer, complete sequence; and ATPase subunit I (atpF) gene, partial cds; chloroplast",Lemna minor,887,887,94%,0.0,88.98,630,"=HYPERLINK(""https://www.ncbi.nlm.nih.gov/nucleotide/MT891085.1?report=genbank&log$=nucltop&blast_rank=43&RID=GE9MFY48014"",""MT891085.1"")"
"Lemna minor voucher NIGEB-16lm ATPase subunit III (atpH) gene, partial cds; atpH-atpF intergenic spacer, complete sequence; and ATPase subunit I (atpF) gene, partial cds; chloroplast",Lemna minor,887,887,94%,0.0,88.98,630,"=HYPERLINK(""https://www.ncbi.nlm.nih.gov/nucleotide/MT891077.1?report=genbank&log$=nucltop&blast_rank=44&RID=GE9MFY48014"",""MT891077.1"")"
"Lemna minor voucher NIGEB-21lm ATPase subunit III (atpH) gene, partial cds; atpH-atpF intergenic spacer, complete sequence; and ATPase subunit I (atpF) gene, partial cds; chloroplast",Lemna minor,887,887,94%,0.0,88.98,630,"=HYPERLINK(""https://www.ncbi.nlm.nih.gov/nucleotide/MT891080.1?report=genbank&log$=nucltop&blast_rank=45&RID=GE9MFY48014"",""MT891080.1"")"
"Lemna minor voucher NIGEB-3lm ATPase subunit III (atpH) gene, partial cds; atpH-atpF intergenic spacer, complete sequence; and ATPase subunit I (atpF) gene, partial cds; chloroplast",Lemna minor,887,887,94%,0.0,88.98,630,"=HYPERLINK(""https://www.ncbi.nlm.nih.gov/nucleotide/MT891064.1?report=genbank&log$=nucltop&blast_rank=46&RID=GE9MFY48014"",""MT891064.1"")"
"Lemna minor voucher NIGEB-1lm ATPase subunit III (atpH) gene, partial cds; atpH-atpF intergenic spacer, complete sequence; and ATPase subunit I (atpF) gene, partial cds; chloroplast",Lemna minor,887,887,94%,0.0,88.98,630,"=HYPERLINK(""https://www.ncbi.nlm.nih.gov/nucleotide/MT891062.1?report=genbank&log$=nucltop&blast_rank=47&RID=GE9MFY48014"",""MT891062.1"")"
"Lemna minor voucher NIGEB-6lm ATPase subunit III (atpH) gene, partial cds; atpH-atpF intergenic spacer, complete sequence; and ATPase subunit I (atpF) gene, partial cds; chloroplast",Lemna minor,887,887,94%,0.0,88.98,630,"=HYPERLINK(""https://www.ncbi.nlm.nih.gov/nucleotide/MT891067.1?report=genbank&log$=nucltop&blast_rank=48&RID=GE9MFY48014"",""MT891067.1"")"
"Lemna minor voucher NIGEB-12lm ATPase subunit III (atpH) gene, partial cds; atpH-atpF intergenic spacer, complete sequence; and ATPase subunit I (atpF) gene, partial cds; chloroplast",Lemna minor,887,887,94%,0.0,88.98,630,"=HYPERLINK(""https://www.ncbi.nlm.nih.gov/nucleotide/MT891073.1?report=genbank&log$=nucltop&blast_rank=49&RID=GE9MFY48014"",""MT891073.1"")"
"Lemna minor voucher NIGEB-9lm ATPase subunit III (atpH) gene, partial cds; atpH-atpF intergenic spacer, complete sequence; and ATPase subunit I (atpF) gene, partial cds; chloroplast",Lemna minor,887,887,94%,0.0,88.98,630,"=HYPERLINK(""https://www.ncbi.nlm.nih.gov/nucleotide/MT891070.1?report=genbank&log$=nucltop&blast_rank=50&RID=GE9MFY48014"",""MT891070.1"")"
"Lemna minor voucher NIGEB-7lm ATPase subunit III (atpH) gene, partial cds; atpH-atpF intergenic spacer, complete sequence; and ATPase subunit I (atpF) gene, partial cds; chloroplast",Lemna minor,887,887,94%,0.0,88.98,630,"=HYPERLINK(""https://www.ncbi.nlm.nih.gov/nucleotide/MT891068.1?report=genbank&log$=nucltop&blast_rank=51&RID=GE9MFY48014"",""MT891068.1"")"
"Lemna minor voucher NIGEB-24lm ATPase subunit III (atpH) gene, partial cds; atpH-atpF intergenic spacer, complete sequence; and ATPase subunit I (atpF) gene, partial cds; chloroplast",Lemna minor,887,887,94%,0.0,88.98,630,"=HYPERLINK(""https://www.ncbi.nlm.nih.gov/nucleotide/MT891083.1?report=genbank&log$=nucltop&blast_rank=52&RID=GE9MFY48014"",""MT891083.1"")"
"Lemna minor clone MJ104 ATPase subunit III (atpH) gene, partial cds; atpH-atpF intergenic spacer, complete sequence; and ATPase subunit I (atpF) gene, partial cds; chloroplast",Lemna minor,850,850,91%,0.0,88.62,610,"=HYPERLINK(""https://www.ncbi.nlm.nih.gov/nucleotide/MT830714.1?report=genbank&log$=nucltop&blast_rank=53&RID=GE9MFY48014"",""MT830714.1"")"
"Lemna minor clone 7018 ATPase subunit III (atpH) gene, partial cds; atpH-atpF intergenic spacer, complete sequence; and ATPase subunit I (atpF) gene, partial cds; chloroplast",Lemna minor,850,850,91%,0.0,88.62,610,"=HYPERLINK(""https://www.ncbi.nlm.nih.gov/nucleotide/MT830702.1?report=genbank&log$=nucltop&blast_rank=54&RID=GE9MFY48014"",""MT830702.1"")"
"Lemna minor clone 7753 ATPase subunit III (atpH) gene, partial cds; atpH-atpF intergenic spacer, complete sequence; and ATPase subunit I (atpF) gene, partial cds; chloroplast",Lemna minor,850,850,91%,0.0,88.62,610,"=HYPERLINK(""https://www.ncbi.nlm.nih.gov/nucleotide/MT830703.1?report=genbank&log$=nucltop&blast_rank=55&RID=GE9MFY48014"",""MT830703.1"")"
"Lemna minor clone 9495 ATPase subunit III (atpH) gene, partial cds; atpH-atpF intergenic spacer, complete sequence; and ATPase subunit I (atpF) gene, partial cds; chloroplast",Lemna minor,850,850,91%,0.0,88.62,610,"=HYPERLINK(""https://www.ncbi.nlm.nih.gov/nucleotide/MT830708.1?report=genbank&log$=nucltop&blast_rank=56&RID=GE9MFY48014"",""MT830708.1"")"
"Lemna minor clone MJ105 ATPase subunit III (atpH) gene, partial cds; atpH-atpF intergenic spacer, complete sequence; and ATPase subunit I (atpF) gene, partial cds; chloroplast",Lemna minor,850,850,91%,0.0,88.62,610,"=HYPERLINK(""https://www.ncbi.nlm.nih.gov/nucleotide/MT830715.1?report=genbank&log$=nucltop&blast_rank=57&RID=GE9MFY48014"",""MT830715.1"")"
"Lemna minor clone 8676 ATPase subunit III (atpH) gene, partial cds; atpH-atpF intergenic spacer, complete sequence; and ATPase subunit I (atpF) gene, partial cds; chloroplast",Lemna minor,850,850,91%,0.0,88.62,610,"=HYPERLINK(""https://www.ncbi.nlm.nih.gov/nucleotide/MT830706.1?report=genbank&log$=nucltop&blast_rank=58&RID=GE9MFY48014"",""MT830706.1"")"
"Lemna minor clone MJ102 ATPase subunit III (atpH) gene, partial cds; atpH-atpF intergenic spacer, complete sequence; and ATPase subunit I (atpF) gene, partial cds; chloroplast",Lemna minor,850,850,91%,0.0,88.62,610,"=HYPERLINK(""https://www.ncbi.nlm.nih.gov/nucleotide/MT830712.1?report=genbank&log$=nucltop&blast_rank=59&RID=GE9MFY48014"",""MT830712.1"")"
"Lemna minor clone 7868 ATPase subunit III (atpH) gene, partial cds; atpH-atpF intergenic spacer, complete sequence; and ATPase subunit I (atpF) gene, partial cds; chloroplast",Lemna minor,850,850,91%,0.0,88.62,610,"=HYPERLINK(""https://www.ncbi.nlm.nih.gov/nucleotide/MT830705.1?report=genbank&log$=nucltop&blast_rank=60&RID=GE9MFY48014"",""MT830705.1"")"
"Lemna minor clone MJ103 ATPase subunit III (atpH) gene, partial cds; atpH-atpF intergenic spacer, complete sequence; and ATPase subunit I (atpF) gene, partial cds; chloroplast",Lemna minor,850,850,91%,0.0,88.62,610,"=HYPERLINK(""https://www.ncbi.nlm.nih.gov/nucleotide/MT830713.1?report=genbank&log$=nucltop&blast_rank=61&RID=GE9MFY48014"",""MT830713.1"")"
"Lemna minor clone MJ108 ATPase subunit III (atpH) gene, partial cds; atpH-atpF intergenic spacer, complete sequence; and ATPase subunit I (atpF) gene, partial cds; chloroplast",Lemna minor,850,850,91%,0.0,88.62,610,"=HYPERLINK(""https://www.ncbi.nlm.nih.gov/nucleotide/MT830718.1?report=genbank&log$=nucltop&blast_rank=62&RID=GE9MFY48014"",""MT830718.1"")"
"Lemna minor clone MJ101 ATPase subunit III (atpH) gene, partial cds; atpH-atpF intergenic spacer, complete sequence; and ATPase subunit I (atpF) gene, partial cds; chloroplast",Lemna minor,850,850,91%,0.0,88.62,610,"=HYPERLINK(""https://www.ncbi.nlm.nih.gov/nucleotide/MT830711.1?report=genbank&log$=nucltop&blast_rank=63&RID=GE9MFY48014"",""MT830711.1"")"
"Lemna minor clone 9588 ATPase subunit III (atpH) gene, partial cds; atpH-atpF intergenic spacer, complete sequence; and ATPase subunit I (atpF) gene, partial cds; chloroplast",Lemna minor,850,850,91%,0.0,88.62,610,"=HYPERLINK(""https://www.ncbi.nlm.nih.gov/nucleotide/MT830709.1?report=genbank&log$=nucltop&blast_rank=64&RID=GE9MFY48014"",""MT830709.1"")"
"Lemna minor clone 7766 ATPase subunit III (atpH) gene, partial cds; atpH-atpF intergenic spacer, complete sequence; and ATPase subunit I (atpF) gene, partial cds; chloroplast",Lemna minor,850,850,91%,0.0,88.62,610,"=HYPERLINK(""https://www.ncbi.nlm.nih.gov/nucleotide/MT830704.1?report=genbank&log$=nucltop&blast_rank=65&RID=GE9MFY48014"",""MT830704.1"")"
"Lemna minor clone 9240 ATPase subunit III (atpH) gene, partial cds; atpH-atpF intergenic spacer, complete sequence; and ATPase subunit I (atpF) gene, partial cds; chloroplast",Lemna minor,850,850,91%,0.0,88.62,610,"=HYPERLINK(""https://www.ncbi.nlm.nih.gov/nucleotide/MT830707.1?report=genbank&log$=nucltop&blast_rank=66&RID=GE9MFY48014"",""MT830707.1"")"
"Lemna minor clone MJ106 ATPase subunit III (atpH) gene, partial cds; atpH-atpF intergenic spacer, complete sequence; and ATPase subunit I (atpF) gene, partial cds; chloroplast",Lemna minor,850,850,91%,0.0,88.62,610,"=HYPERLINK(""https://www.ncbi.nlm.nih.gov/nucleotide/MT830716.1?report=genbank&log$=nucltop&blast_rank=67&RID=GE9MFY48014"",""MT830716.1"")"
"Lemna minor clone 5500 ATPase subunit III (atpH) gene, partial cds; atpH-atpF intergenic spacer, complete sequence; and ATPase subunit I (atpF) gene, partial cds; chloroplast",Lemna minor,850,850,91%,0.0,88.62,610,"=HYPERLINK(""https://www.ncbi.nlm.nih.gov/nucleotide/MT830710.1?report=genbank&log$=nucltop&blast_rank=68&RID=GE9MFY48014"",""MT830710.1"")"
"Lemna minor clone MJ107 ATPase subunit III (atpH) gene, partial cds; atpH-atpF intergenic spacer, complete sequence; and ATPase subunit I (atpF) gene, partial cds; chloroplast",Lemna minor,850,850,91%,0.0,88.62,610,"=HYPERLINK(""https://www.ncbi.nlm.nih.gov/nucleotide/MT830717.1?report=genbank&log$=nucltop&blast_rank=69&RID=GE9MFY48014"",""MT830717.1"")"
"Lemna minor clone 6580 ATPase subunit III (atpH) gene, partial cds; atpH-atpF intergenic spacer, complete sequence; and ATPase subunit I (atpF) gene, partial cds; chloroplast",Lemna minor,850,850,91%,0.0,88.62,610,"=HYPERLINK(""https://www.ncbi.nlm.nih.gov/nucleotide/MT830701.1?report=genbank&log$=nucltop&blast_rank=70&RID=GE9MFY48014"",""MT830701.1"")"
"Lemna turionifera AtpF (atpF) gene, partial cds; atpF-atpH intergenic spacer, complete sequence; and AtpH (atpH) gene, partial cds; chloroplast",Lemna turionifera,848,848,98%,0.0,87.00,676,"=HYPERLINK(""https://www.ncbi.nlm.nih.gov/nucleotide/MZ436179.1?report=genbank&log$=nucltop&blast_rank=71&RID=GE9MFY48014"",""MZ436179.1"")"
"Lemna turionifera plastid, complete genome",Lemna turionifera,848,848,98%,0.0,87.00,166606,"=HYPERLINK(""https://www.ncbi.nlm.nih.gov/nucleotide/NC_072328.1?report=genbank&log$=nucltop&blast_rank=72&RID=GE9MFY48014"",""NC_072328.1"")"
"Lemna turionifera strain DW101 AtpH (atpH) gene, partial cds; atpH-atpF intergenic spacer, complete sequence; and AtpF (atpF) gene, partial cds; chloroplast",Lemna turionifera,848,848,98%,0.0,87.00,679,"=HYPERLINK(""https://www.ncbi.nlm.nih.gov/nucleotide/OM569547.1?report=genbank&log$=nucltop&blast_rank=73&RID=GE9MFY48014"",""OM569547.1"")"
"Lemna gibba isolate SH0204 ATPase subunit III (atpH) gene, partial cds; atpH-atpF intergenic spacer, complete sequence; and ATPase subunit I (atpF) gene, partial cds; chloroplast",Lemna gibba,846,846,98%,0.0,86.98,701,"=HYPERLINK(""https://www.ncbi.nlm.nih.gov/nucleotide/KU870519.1?report=genbank&log$=nucltop&blast_rank=74&RID=GE9MFY48014"",""KU870519.1"")"
"Lemna gibba ATPase subunit I (atpF) gene, partial cds; atpF-atpH intergenic spacer, complete sequence; and ATPase subunit II (atpH) gene, partial cds; plastid",Lemna gibba,846,846,98%,0.0,86.98,685,"=HYPERLINK(""https://www.ncbi.nlm.nih.gov/nucleotide/OK095300.1?report=genbank&log$=nucltop&blast_rank=75&RID=GE9MFY48014"",""OK095300.1"")"
"Lemna japonica strain 9250 AtpH gene, partial cds; atpH-atpF intergenic spacer, complete sequence; and AtpF gene, partial cds; plastid",Lemna japonica,846,846,98%,0.0,86.98,675,"=HYPERLINK(""https://www.ncbi.nlm.nih.gov/nucleotide/KJ921745.1?report=genbank&log$=nucltop&blast_rank=76&RID=GE9MFY48014"",""KJ921745.1"")"
"Lemna gibba strain DW102 AtpH (atpH) gene, partial cds; atpH-atpF intergenic spacer, complete sequence; and AtpF (atpF) gene, partial cds; chloroplast",Lemna gibba,846,846,98%,0.0,86.98,677,"=HYPERLINK(""https://www.ncbi.nlm.nih.gov/nucleotide/OM569528.1?report=genbank&log$=nucltop&blast_rank=77&RID=GE9MFY48014"",""OM569528.1"")"
"Lemna gibba isolate MA_LG_Dh_SA ATPase subunit II and ATPase subunit I genes, partial cds; chloroplast",Lemna gibba,846,846,98%,0.0,86.98,701,"=HYPERLINK(""https://www.ncbi.nlm.nih.gov/nucleotide/OK598953.1?report=genbank&log$=nucltop&blast_rank=78&RID=GE9MFY48014"",""OK598953.1"")"
"Lemna gibba strain RDSC 5504 ATPase subunit I gene, partial cds; atpF-atpH intergenic spacer, complete sequence; and ATPase subunit II gene, partial cds; chloroplast",Lemna gibba,846,846,98%,0.0,86.98,701,"=HYPERLINK(""https://www.ncbi.nlm.nih.gov/nucleotide/KX212889.1?report=genbank&log$=nucltop&blast_rank=79&RID=GE9MFY48014"",""KX212889.1"")"
"Lemna gibba strain RDSC 7741 ATPase subunit I gene, partial cds; atpF-atpH intergenic spacer, complete sequence; and ATPase subunit II gene, partial cds; chloroplast",Lemna gibba,846,846,98%,0.0,86.98,701,"=HYPERLINK(""https://www.ncbi.nlm.nih.gov/nucleotide/KX212887.1?report=genbank&log$=nucltop&blast_rank=80&RID=GE9MFY48014"",""KX212887.1"")"
"Lemna gibba isolate MA_LG_AT_SA ATPase subunit II and ATPase subunit I genes, partial cds; chloroplast",Lemna gibba,845,845,98%,0.0,87.05,667,"=HYPERLINK(""https://www.ncbi.nlm.nih.gov/nucleotide/OK598958.1?report=genbank&log$=nucltop&blast_rank=81&RID=GE9MFY48014"",""OK598958.1"")"
"Lemna japonica strain 8695 AtpH gene, partial cds; atpH-atpF intergenic spacer, complete sequence; and AtpF gene, partial cds; plastid",Lemna japonica,845,845,90%,0.0,88.58,610,"=HYPERLINK(""https://www.ncbi.nlm.nih.gov/nucleotide/KJ921743.1?report=genbank&log$=nucltop&blast_rank=82&RID=GE9MFY48014"",""KJ921743.1"")"
"Lemna japonica strain 9017 AtpH gene, partial cds; atpH-atpF intergenic spacer, complete sequence; and AtpF gene, partial cds; plastid",Lemna japonica,837,837,90%,0.0,88.51,604,"=HYPERLINK(""https://www.ncbi.nlm.nih.gov/nucleotide/KJ921744.1?report=genbank&log$=nucltop&blast_rank=83&RID=GE9MFY48014"",""KJ921744.1"")"
"Lemna gibba isolate MA_LG_Toh_SA ATPase subunit II and ATPase subunit I genes, partial cds; chloroplast",Lemna gibba,833,833,97%,0.0,86.94,659,"=HYPERLINK(""https://www.ncbi.nlm.nih.gov/nucleotide/OK598959.1?report=genbank&log$=nucltop&blast_rank=84&RID=GE9MFY48014"",""OK598959.1"")"
"Lemna gibba voucher NIGEB-1lg ATPase subunit III (atpH) gene, partial cds; atpH-atpF intergenic spacer, complete sequence; and ATPase subunit I (atpF) gene, partial cds; chloroplast",Lemna gibba,826,826,94%,0.0,87.23,636,"=HYPERLINK(""https://www.ncbi.nlm.nih.gov/nucleotide/MT891088.1?report=genbank&log$=nucltop&blast_rank=85&RID=GE9MFY48014"",""MT891088.1"")"
"Lemna gibba voucher NIGEB-5lg ATPase subunit III (atpH) gene, partial cds; atpH-atpF intergenic spacer, complete sequence; and ATPase subunit I (atpF) gene, partial cds; chloroplast",Lemna gibba,826,826,94%,0.0,87.23,636,"=HYPERLINK(""https://www.ncbi.nlm.nih.gov/nucleotide/MT891091.1?report=genbank&log$=nucltop&blast_rank=86&RID=GE9MFY48014"",""MT891091.1"")"
"Lemna gibba voucher NIGEB-7lg ATPase subunit III (atpH) gene, partial cds; atpH-atpF intergenic spacer, complete sequence; and ATPase subunit I (atpF) gene, partial cds; chloroplast",Lemna gibba,826,826,94%,0.0,87.23,636,"=HYPERLINK(""https://www.ncbi.nlm.nih.gov/nucleotide/MT891094.1?report=genbank&log$=nucltop&blast_rank=87&RID=GE9MFY48014"",""MT891094.1"")"
"Lemna gibba voucher NIGEB-2lg ATPase subunit III (atpH) gene, partial cds; atpH-atpF intergenic spacer, complete sequence; and ATPase subunit I (atpF) gene, partial cds; chloroplast",Lemna gibba,826,826,94%,0.0,87.23,636,"=HYPERLINK(""https://www.ncbi.nlm.nih.gov/nucleotide/MT891089.1?report=genbank&log$=nucltop&blast_rank=88&RID=GE9MFY48014"",""MT891089.1"")"
"Lemna gibba voucher NIGEB-3lg ATPase subunit III (atpH) gene, partial cds; atpH-atpF intergenic spacer, complete sequence; and ATPase subunit I (atpF) gene, partial cds; chloroplast",Lemna gibba,826,826,94%,0.0,87.23,636,"=HYPERLINK(""https://www.ncbi.nlm.nih.gov/nucleotide/MT891092.1?report=genbank&log$=nucltop&blast_rank=89&RID=GE9MFY48014"",""MT891092.1"")"
"Lemna gibba voucher NIGEB-8lg ATPase subunit III (atpH) gene, partial cds; atpH-atpF intergenic spacer, complete sequence; and ATPase subunit I (atpF) gene, partial cds; chloroplast",Lemna gibba,826,826,94%,0.0,87.23,636,"=HYPERLINK(""https://www.ncbi.nlm.nih.gov/nucleotide/MT891095.1?report=genbank&log$=nucltop&blast_rank=90&RID=GE9MFY48014"",""MT891095.1"")"
"Lemna gibba voucher NIGEB-4lg ATPase subunit III (atpH) gene, partial cds; atpH-atpF intergenic spacer, complete sequence; and ATPase subunit I (atpF) gene, partial cds; chloroplast",Lemna gibba,826,826,94%,0.0,87.23,636,"=HYPERLINK(""https://www.ncbi.nlm.nih.gov/nucleotide/MT891093.1?report=genbank&log$=nucltop&blast_rank=91&RID=GE9MFY48014"",""MT891093.1"")"
"Lemna minor voucher AP219 AtpF (atpF) gene, partial cds; and atpH-atpF intergenic spacer, complete sequence; chloroplast",Lemna minor,822,822,86%,0.0,89.23,595,"=HYPERLINK(""https://www.ncbi.nlm.nih.gov/nucleotide/HQ594751.1?report=genbank&log$=nucltop&blast_rank=92&RID=GE9MFY48014"",""HQ594751.1"")"
"Lemna japonica clone 6728 ATPase subunit III (atpH) gene, partial cds; atpH-atpF intergenic spacer, complete sequence; and ATPase subunit I (atpF) gene, partial cds; chloroplast",Lemna japonica,822,822,88%,0.0,88.72,593,"=HYPERLINK(""https://www.ncbi.nlm.nih.gov/nucleotide/MG775391.1?report=genbank&log$=nucltop&blast_rank=93&RID=GE9MFY48014"",""MG775391.1"")"
"Lemna minor strain 9417 AtpH and ATP synthase subunit I (atpF) genes, partial cds; chloroplast",Lemna minor,822,822,88%,0.0,88.72,593,"=HYPERLINK(""https://www.ncbi.nlm.nih.gov/nucleotide/GU454231.1?report=genbank&log$=nucltop&blast_rank=94&RID=GE9MFY48014"",""GU454231.1"")"
"Lemna turionifera strain 2a ATPase subunit I (atpF) gene, partial cds; atpF-atpH intergenic spacer, complete sequence; and ATPase subunit III (atpH) gene, partial cds; chloroplast",Lemna turionifera,822,822,96%,0.0,86.88,643,"=HYPERLINK(""https://www.ncbi.nlm.nih.gov/nucleotide/KF726146.1?report=genbank&log$=nucltop&blast_rank=95&RID=GE9MFY48014"",""KF726146.1"")"
"Lemna minor strain 9016 AtpH and ATP synthase subunit I (atpF) genes, partial cds; chloroplast",Lemna minor,821,821,88%,0.0,88.74,593,"=HYPERLINK(""https://www.ncbi.nlm.nih.gov/nucleotide/GU454229.1?report=genbank&log$=nucltop&blast_rank=96&RID=GE9MFY48014"",""GU454229.1"")"
"Lemna japonica strain 7182 AtpH-like gene, partial sequence; and ATP synthase subunit I (atpF) gene, partial cds; chloroplast",Lemna japonica,821,821,88%,0.0,88.74,593,"=HYPERLINK(""https://www.ncbi.nlm.nih.gov/nucleotide/GU454225.1?report=genbank&log$=nucltop&blast_rank=97&RID=GE9MFY48014"",""GU454225.1"")"
"Lemna minor strain 7018 AtpH-like gene, partial sequence; and ATP synthase subunit I (atpF) gene, partial cds; chloroplast",Lemna minor,819,819,88%,0.0,88.72,592,"=HYPERLINK(""https://www.ncbi.nlm.nih.gov/nucleotide/GU454226.1?report=genbank&log$=nucltop&blast_rank=98&RID=GE9MFY48014"",""GU454226.1"")"
"Lemna gibba strain RDSC_6573 ATPase subunit I (atpF) gene, partial cds; atpF-atpH intergenic spacer, complete sequence; and ATPase subunit III (atpH) gene, partial cds; chloroplast",Lemna gibba,817,817,94%,0.0,87.02,643,"=HYPERLINK(""https://www.ncbi.nlm.nih.gov/nucleotide/MG000416.1?report=genbank&log$=nucltop&blast_rank=99&RID=GE9MFY48014"",""MG000416.1"")"
"Lemna minor strain 9253 AtpH-like gene, partial sequence; and ATP synthase subunit I (atpF) gene, partial cds; chloroplast",Lemna minor,817,817,88%,0.0,88.72,591,"=HYPERLINK(""https://www.ncbi.nlm.nih.gov/nucleotide/GU454230.1?report=genbank&log$=nucltop&blast_rank=100&RID=GE9MFY48014"",""GU454230.1"")"



		


