HADW1_atpFH,OM569532.1,86.625,643,77,9,26,668,653,20,0.0,833
HADW1_atpFH,MG000372.1,86.625,643,77,9,26,668,2,635,0.0,833
HADW1_atpFH,OM569537.1,86.625,643,77,9,26,668,640,7,0.0,833
HADW1_atpFH,OM569538.1,86.625,643,77,9,26,668,639,6,0.0,833
HADW1_atpFH,OM793615.1,86.625,643,77,9,26,668,639,6,0.0,833
HADW1_atpFH,MG000405.1,86.625,643,77,9,26,668,2,635,0.0,833
HADW1_atpFH,KJ921746.1,86.625,643,77,9,26,668,639,6,0.0,833
HADW1_atpFH,KX212888.1,86.625,643,77,9,26,668,46,679,0.0,833
HADW1_atpFH,OM569535.1,86.625,643,77,9,26,668,639,6,0.0,833
HADW1_atpFH,MG000373.1,86.625,643,77,9,26,668,2,635,0.0,833
HADW1_atpFH,OM793612.1,86.625,643,77,9,26,668,640,7,0.0,833
HADW1_atpFH,OM569534.1,86.625,643,77,9,26,668,642,9,0.0,833
HADW1_atpFH,OM569529.1,86.625,643,77,9,26,668,651,18,0.0,833
HADW1_atpFH,OM569539.1,86.625,643,77,9,26,668,641,8,0.0,833
HADW1_atpFH,OM569540.1,86.625,643,77,9,26,668,642,9,0.0,833
HADW1_atpFH,NC_010109.1,86.625,643,77,9,26,668,14381,15014,0.0,833
HADW1_atpFH,KJ921747.1,86.625,643,77,9,26,668,643,10,0.0,833
HADW1_atpFH,MG000397.1,86.625,643,77,9,26,668,2,635,0.0,833
HADW1_atpFH,OM569531.1,86.625,643,77,9,26,668,653,20,0.0,833
HADW1_atpFH,OM569533.1,86.625,643,77,9,26,668,653,20,0.0,833
HADW1_atpFH,MG000406.1,86.625,643,77,9,26,668,2,635,0.0,833
HADW1_atpFH,OM569536.1,86.625,643,77,9,26,668,640,7,0.0,833
HADW1_atpFH,OM793614.1,86.625,643,77,9,26,668,640,7,0.0,833
HADW1_atpFH,MT891072.1,86.698,639,76,9,26,664,630,1,0.0,832
HADW1_atpFH,MT891084.1,86.698,639,76,9,26,664,630,1,0.0,832
HADW1_atpFH,MT891074.1,86.698,639,76,9,26,664,630,1,0.0,832
HADW1_atpFH,MT891078.1,86.698,639,76,9,26,664,630,1,0.0,832
HADW1_atpFH,OM569542.1,86.698,639,76,9,26,664,630,1,0.0,832
HADW1_atpFH,MT891065.1,86.698,639,76,9,26,664,630,1,0.0,832
HADW1_atpFH,MT891071.1,86.698,639,76,9,26,664,630,1,0.0,832
HADW1_atpFH,MT891079.1,86.698,639,76,9,26,664,630,1,0.0,832
HADW1_atpFH,MT891069.1,86.698,639,76,9,26,664,630,1,0.0,832
HADW1_atpFH,MT891082.1,86.698,639,76,9,26,664,630,1,0.0,832
HADW1_atpFH,MT891063.1,86.698,639,76,9,26,664,630,1,0.0,832
HADW1_atpFH,MT891076.1,86.698,639,76,9,26,664,630,1,0.0,832
HADW1_atpFH,MT891081.1,86.698,639,76,9,26,664,630,1,0.0,832
HADW1_atpFH,MT891066.1,86.698,639,76,9,26,664,630,1,0.0,832
HADW1_atpFH,MT891075.1,86.698,639,76,9,26,664,630,1,0.0,832
HADW1_atpFH,MT891085.1,86.698,639,76,9,26,664,630,1,0.0,832
HADW1_atpFH,MT891077.1,86.698,639,76,9,26,664,630,1,0.0,832
HADW1_atpFH,OM793613.1,86.698,639,76,9,26,664,639,10,0.0,832
HADW1_atpFH,MT891080.1,86.698,639,76,9,26,664,630,1,0.0,832
HADW1_atpFH,MT891064.1,86.698,639,76,9,26,664,630,1,0.0,832
HADW1_atpFH,MT891062.1,86.698,639,76,9,26,664,630,1,0.0,832
HADW1_atpFH,MT891067.1,86.698,639,76,9,26,664,630,1,0.0,832
HADW1_atpFH,MT891073.1,86.698,639,76,9,26,664,630,1,0.0,832
HADW1_atpFH,MT891070.1,86.698,639,76,9,26,664,630,1,0.0,832
HADW1_atpFH,MT891068.1,86.698,639,76,9,26,664,630,1,0.0,832
HADW1_atpFH,MT891083.1,86.698,639,76,9,26,664,630,1,0.0,832
HADW1_atpFH,KF726150.1,86.491,644,77,10,26,668,9,643,0.0,830
HADW1_atpFH,OM569541.1,86.314,643,79,9,26,668,642,9,0.0,822
HADW1_atpFH,OM569530.1,86.443,627,76,9,26,652,618,1,0.0,809
HADW1_atpFH,MT830714.1,86.268,619,76,9,27,645,610,1,0.0,795
HADW1_atpFH,MT830702.1,86.268,619,76,9,27,645,610,1,0.0,795
HADW1_atpFH,MT830703.1,86.268,619,76,9,27,645,610,1,0.0,795
HADW1_atpFH,MT830708.1,86.268,619,76,9,27,645,610,1,0.0,795
HADW1_atpFH,MT830715.1,86.268,619,76,9,27,645,610,1,0.0,795
HADW1_atpFH,MT830706.1,86.268,619,76,9,27,645,610,1,0.0,795
HADW1_atpFH,MT830712.1,86.268,619,76,9,27,645,610,1,0.0,795
HADW1_atpFH,MT830705.1,86.268,619,76,9,27,645,610,1,0.0,795
HADW1_atpFH,MT830713.1,86.268,619,76,9,27,645,610,1,0.0,795
HADW1_atpFH,MT830718.1,86.268,619,76,9,27,645,610,1,0.0,795
HADW1_atpFH,MT830711.1,86.268,619,76,9,27,645,610,1,0.0,795
HADW1_atpFH,MT830709.1,86.268,619,76,9,27,645,610,1,0.0,795
HADW1_atpFH,MT830704.1,86.268,619,76,9,27,645,610,1,0.0,795
HADW1_atpFH,MT830707.1,86.268,619,76,9,27,645,610,1,0.0,795
HADW1_atpFH,MT830716.1,86.268,619,76,9,27,645,610,1,0.0,795
HADW1_atpFH,MT830710.1,86.268,619,76,9,27,645,610,1,0.0,795
HADW1_atpFH,MT830717.1,86.268,619,76,9,27,645,610,1,0.0,795
HADW1_atpFH,MT830701.1,86.268,619,76,9,27,645,610,1,0.0,795
HADW1_atpFH,KJ921743.1,86.062,617,76,10,26,641,608,1,0.0,785
HADW1_atpFH,HQ594751.1,87.097,589,67,9,26,614,2,581,0.0,774
HADW1_atpFH,MG775391.1,86.047,602,75,9,44,645,593,1,0.0,769
HADW1_atpFH,GU454231.1,86.047,602,75,9,44,645,593,1,0.0,769
HADW1_atpFH,KJ921744.1,86.927,589,67,10,27,614,604,25,0.0,769
HADW1_atpFH,MT891088.1,85.093,644,83,11,26,664,636,1,0.0,769
HADW1_atpFH,MT891091.1,85.093,644,83,11,26,664,636,1,0.0,769
HADW1_atpFH,MT891094.1,85.093,644,83,11,26,664,636,1,0.0,769
HADW1_atpFH,MT891089.1,85.093,644,83,11,26,664,636,1,0.0,769
HADW1_atpFH,MT891092.1,85.093,644,83,11,26,664,636,1,0.0,769
HADW1_atpFH,MT891095.1,85.093,644,83,11,26,664,636,1,0.0,769
HADW1_atpFH,MT891093.1,85.093,644,83,11,26,664,636,1,0.0,769
HADW1_atpFH,GU454226.1,86.047,602,74,10,44,645,592,1,0.0,767
HADW1_atpFH,GU454225.1,85.904,603,74,11,44,645,593,1,0.0,761
HADW1_atpFH,GU454230.1,85.880,602,74,11,44,645,591,1,0.0,758
HADW1_atpFH,GU454229.1,85.738,603,75,11,44,645,593,1,0.0,756
HADW1_atpFH,MG775392.1,86.278,583,71,9,63,645,574,1,0.0,752
HADW1_atpFH,OK598958.1,84.568,648,84,12,26,668,26,662,0.0,750
HADW1_atpFH,KU870519.1,84.568,648,84,12,26,668,656,20,0.0,750
HADW1_atpFH,OM569546.1,84.448,643,86,11,26,668,637,9,0.0,750
HADW1_atpFH,OK095300.1,84.568,648,84,12,26,668,30,666,0.0,750
HADW1_atpFH,KJ921745.1,84.568,648,84,12,26,668,642,6,0.0,750
HADW1_atpFH,OM569528.1,84.568,648,84,12,26,668,645,9,0.0,750
HADW1_atpFH,MG000371.1,84.568,648,84,12,26,668,2,638,0.0,750
HADW1_atpFH,OM569543.1,84.448,643,86,11,26,668,648,20,0.0,750
HADW1_atpFH,OK598953.1,84.568,648,84,12,26,668,46,682,0.0,750
HADW1_atpFH,KX212889.1,84.568,648,84,12,26,668,46,682,0.0,750
HADW1_atpFH,MG000416.1,84.568,648,84,12,26,668,2,638,0.0,750
HADW1_atpFH,KX212887.1,84.568,648,84,12,26,668,46,682,0.0,750
HADW1_atpFH,OM569545.1,84.448,643,86,11,26,668,646,18,0.0,750


