SJDW3_psbKI,OM569593.1,90.372,457,40,4,37,493,83,535,0.0,669
SJDW3_psbKI,OM569602.1,90.372,457,40,4,37,493,95,547,0.0,669
SJDW3_psbKI,OM569595.1,90.372,457,40,4,37,493,95,547,0.0,669
SJDW3_psbKI,OM793619.1,90.372,457,40,4,37,493,95,547,0.0,669
SJDW3_psbKI,OM569601.1,90.372,457,40,4,37,493,95,547,0.0,669
SJDW3_psbKI,MG000479.1,90.372,457,40,4,37,493,47,499,0.0,669
SJDW3_psbKI,OM569596.1,90.372,457,40,4,37,493,95,547,0.0,669
SJDW3_psbKI,OM569592.1,90.372,457,40,4,37,493,48,500,0.0,669
SJDW3_psbKI,KJ921757.1,90.372,457,40,4,37,493,82,534,0.0,669
SJDW3_psbKI,OM569600.1,90.372,457,40,4,37,493,94,546,0.0,669
SJDW3_psbKI,MZ436176.1,90.372,457,40,4,37,493,95,547,0.0,669
SJDW3_psbKI,MG000447.1,90.372,457,40,4,37,493,47,499,0.0,669
SJDW3_psbKI,OM569597.1,90.372,457,40,4,37,493,95,547,0.0,669
SJDW3_psbKI,KJ921760.1,90.372,457,40,4,37,493,87,539,0.0,669
SJDW3_psbKI,OM569599.1,90.372,457,40,4,37,493,95,547,0.0,669
SJDW3_psbKI,OM793620.1,90.372,457,40,4,37,493,95,547,0.0,669
SJDW3_psbKI,OM569590.1,90.372,457,40,4,37,493,85,537,0.0,669
SJDW3_psbKI,OM569594.1,90.372,457,40,4,37,493,83,535,0.0,669
SJDW3_psbKI,KJ921759.1,90.372,457,40,4,37,493,85,537,0.0,669
SJDW3_psbKI,KJ921756.1,90.372,457,40,4,37,493,82,534,0.0,669
SJDW3_psbKI,OM793617.1,90.372,457,40,4,37,493,95,547,0.0,669
SJDW3_psbKI,OM793618.1,90.372,457,40,4,37,493,95,547,0.0,669
SJDW3_psbKI,OM569591.1,90.372,457,40,4,37,493,55,507,0.0,669
SJDW3_psbKI,NC_010109.1,90.372,457,40,4,37,493,7920,8372,0.0,669
SJDW3_psbKI,MG000446.1,90.372,457,40,4,37,493,47,499,0.0,669
SJDW3_psbKI,OM569598.1,90.372,457,40,4,37,493,95,547,0.0,669
SJDW3_psbKI,MG000480.1,90.372,457,40,4,37,493,47,499,0.0,669
SJDW3_psbKI,MT830739.1,90.308,454,40,4,37,490,45,494,0.0,664
SJDW3_psbKI,MT830730.1,90.308,454,40,4,37,490,45,494,0.0,664
SJDW3_psbKI,MT830741.1,90.308,454,40,4,37,490,45,494,0.0,664
SJDW3_psbKI,MT830727.1,90.308,454,40,4,37,490,45,494,0.0,664
SJDW3_psbKI,MT830737.1,90.308,454,40,4,37,490,45,494,0.0,664
SJDW3_psbKI,MT830731.1,90.308,454,40,4,37,490,45,494,0.0,664
SJDW3_psbKI,MT830732.1,90.308,454,40,4,37,490,45,494,0.0,664
SJDW3_psbKI,MT830743.1,90.308,454,40,4,37,490,45,494,0.0,664
SJDW3_psbKI,MT830733.1,90.308,454,40,4,37,490,45,494,0.0,664
SJDW3_psbKI,MT830740.1,90.308,454,40,4,37,490,45,494,0.0,664
SJDW3_psbKI,MT830736.1,90.308,454,40,4,37,490,45,494,0.0,664
SJDW3_psbKI,MT830734.1,90.308,454,40,4,37,490,45,494,0.0,664
SJDW3_psbKI,MT830735.1,90.308,454,40,4,37,490,42,491,0.0,664
SJDW3_psbKI,MT830742.1,90.308,454,40,4,37,490,45,494,0.0,664
SJDW3_psbKI,MT830738.1,90.308,454,40,4,37,490,45,494,0.0,664
SJDW3_psbKI,MT830725.1,90.308,454,40,4,37,490,45,494,0.0,664
SJDW3_psbKI,MT830729.1,90.088,454,41,4,37,490,45,494,0.0,658
SJDW3_psbKI,OM569603.1,89.934,457,42,4,37,493,71,523,0.0,658
SJDW3_psbKI,MT830728.1,89.868,454,42,4,37,490,45,494,0.0,652
SJDW3_psbKI,MT830726.1,88.377,456,43,6,37,490,45,492,1.98e-170,612
SJDW3_psbKI,GU454321.1,89.423,416,40,4,37,452,71,482,7.18e-165,593
SJDW3_psbKI,MG000500.1,87.527,457,47,7,37,493,47,493,4.32e-162,584
SJDW3_psbKI,MG000491.1,87.527,457,47,7,37,493,47,493,4.32e-162,584
SJDW3_psbKI,MG000493.1,87.527,457,47,7,37,493,47,493,4.32e-162,584
SJDW3_psbKI,MG000496.1,87.527,457,47,7,37,493,47,493,4.32e-162,584
SJDW3_psbKI,MG000455.1,87.527,457,47,7,37,493,47,493,4.32e-162,584
SJDW3_psbKI,MG000502.1,87.527,457,47,7,37,493,47,493,4.32e-162,584
SJDW3_psbKI,MG000449.1,87.527,457,47,7,37,493,47,493,4.32e-162,584
SJDW3_psbKI,MG000489.1,87.527,457,47,7,37,493,47,493,4.32e-162,584
SJDW3_psbKI,MG000451.1,87.527,457,47,7,37,493,47,493,4.32e-162,584
SJDW3_psbKI,MG000463.1,87.527,457,47,7,37,493,47,493,4.32e-162,584
SJDW3_psbKI,MG000465.1,87.527,457,47,7,37,493,47,493,4.32e-162,584
SJDW3_psbKI,MG000504.1,87.527,457,47,7,37,493,47,493,4.32e-162,584
SJDW3_psbKI,OM569608.1,87.527,457,47,7,37,493,85,531,4.32e-162,584
SJDW3_psbKI,MG000499.1,87.527,457,47,7,37,493,47,493,4.32e-162,584
SJDW3_psbKI,MG000470.1,87.527,457,47,7,37,493,47,493,4.32e-162,584
SJDW3_psbKI,MG000468.1,87.527,457,47,7,37,493,47,493,4.32e-162,584
SJDW3_psbKI,MG000476.1,87.527,457,47,7,37,493,47,493,4.32e-162,584
SJDW3_psbKI,MG000442.1,87.527,457,47,7,37,493,47,493,4.32e-162,584
SJDW3_psbKI,MG000450.1,87.527,457,47,7,37,493,47,493,4.32e-162,584
SJDW3_psbKI,MG000453.1,87.527,457,47,7,37,493,47,493,4.32e-162,584
SJDW3_psbKI,MG000482.1,87.527,457,47,7,37,493,47,493,4.32e-162,584
SJDW3_psbKI,MG000464.1,87.527,457,47,7,37,493,47,493,4.32e-162,584
SJDW3_psbKI,MG000475.1,87.527,457,47,7,37,493,47,493,4.32e-162,584
SJDW3_psbKI,MG000439.1,87.527,457,47,7,37,493,47,493,4.32e-162,584
SJDW3_psbKI,MG000436.1,87.527,457,47,7,37,493,47,493,4.32e-162,584
SJDW3_psbKI,MG000498.1,87.527,457,47,7,37,493,47,493,4.32e-162,584
SJDW3_psbKI,MG000454.1,87.527,457,47,7,37,493,47,493,4.32e-162,584
SJDW3_psbKI,MG000497.1,87.527,457,47,7,37,493,47,493,4.32e-162,584
SJDW3_psbKI,MG000472.1,87.527,457,47,7,37,493,47,493,4.32e-162,584
SJDW3_psbKI,MG000487.1,87.527,457,47,7,37,493,47,493,4.32e-162,584
SJDW3_psbKI,MG000460.1,87.527,457,47,7,37,493,47,493,4.32e-162,584
SJDW3_psbKI,MG000505.1,87.527,457,47,7,37,493,47,493,4.32e-162,584
SJDW3_psbKI,MG000469.1,87.527,457,47,7,37,493,47,493,4.32e-162,584
SJDW3_psbKI,MG000474.1,87.527,457,47,7,37,493,47,493,4.32e-162,584
SJDW3_psbKI,MG000481.1,87.527,457,47,7,37,493,47,493,4.32e-162,584
SJDW3_psbKI,MG000473.1,87.527,457,47,7,37,493,47,493,4.32e-162,584
SJDW3_psbKI,MG000459.1,87.527,457,47,7,37,493,47,493,4.32e-162,584
SJDW3_psbKI,MG000483.1,87.527,457,47,7,37,493,47,493,4.32e-162,584
SJDW3_psbKI,MG000443.1,87.527,457,47,7,37,493,47,493,4.32e-162,584
SJDW3_psbKI,NC_072328.1,87.527,457,47,7,37,493,7818,8264,4.32e-162,584
SJDW3_psbKI,MG000501.1,87.527,457,47,7,37,493,47,493,4.32e-162,584
SJDW3_psbKI,MG000461.1,87.527,457,47,7,37,493,47,493,4.32e-162,584
SJDW3_psbKI,MG000457.1,87.527,457,47,7,37,493,47,493,4.32e-162,584
SJDW3_psbKI,MG000492.1,87.527,457,47,7,37,493,47,493,4.32e-162,584
SJDW3_psbKI,MZ436180.1,87.527,457,47,7,37,493,86,532,4.32e-162,584
SJDW3_psbKI,MG000484.1,87.527,457,47,7,37,493,47,493,4.32e-162,584
SJDW3_psbKI,MG000486.1,87.527,457,47,7,37,493,47,493,4.32e-162,584
SJDW3_psbKI,MG000438.1,87.527,457,47,7,37,493,47,493,4.32e-162,584
SJDW3_psbKI,MG000478.1,87.527,457,47,7,37,493,47,493,4.32e-162,584
SJDW3_psbKI,MG000456.1,87.527,457,47,7,37,493,47,493,4.32e-162,584
SJDW3_psbKI,MG000494.1,87.527,457,47,7,37,493,47,493,4.32e-162,584
SJDW3_psbKI,MG000467.1,87.527,457,47,7,37,493,47,493,4.32e-162,584


