HA01	gi|566085409|ref|NR_109451.1|	99.781	1371	2	1	1	1370	69	1439	0.0	2514	1108595
HA01	gi|636558896|ref|NR_114953.1|	99.781	1369	2	1	1	1368	38	1406	0.0	2510	686831
HA01	gi|1018196547|ref|NR_136426.1|	98.615	1372	17	2	1	1370	66	1437	0.0	2427	1382803
HA01	gi|2363083899|ref|NR_180198.1|	98.613	1370	17	2	1	1368	77	1446	0.0	2423	2202141
HA01	gi|631252041|ref|NR_113239.1|	98.541	1371	19	1	1	1370	49	1419	0.0	2420	536
HA02	gi|2363083281|ref|NR_179889.1|	99.489	1371	5	2	1	1370	78	1447	0.0	2492	1785145
HA02	gi|2363081220|ref|NR_178854.1|	99.489	1371	4	3	1	1370	51	1419	0.0	2490	1628086
HA02	gi|219857639|ref|NR_025228.1|	99.344	1371	7	2	1	1370	47	1416	0.0	2481	198620
HA02	gi|343198698|ref|NR_043314.1|	99.126	1373	7	5	1	1370	68	1438	0.0	2464	321662
HA02	gi|2363087271|ref|NR_181891.1|	99.125	1371	10	2	1	1370	74	1443	0.0	2464	2890313
HA13	gi|341588638|ref|NR_037013.2|	99.857	1397	0	2	1	1396	62	1457	0.0	2567	650
HA13	gi|645322243|ref|NR_119040.1|	99.857	1394	0	2	1	1393	68	1460	0.0	2562	650
HA13	gi|645322128|ref|NR_118947.1|	99.284	1397	8	2	1	1396	62	1457	0.0	2523	197701
HA13	gi|631251640|ref|NR_112838.1|	99.284	1397	8	2	1	1396	20	1415	0.0	2523	654
HA13	gi|645322250|ref|NR_119045.1|	99.283	1394	8	2	1	1393	68	1460	0.0	2518	197701
HA16	gi|631252510|ref|NR_113708.1|	100.000	1378	0	0	1	1378	46	1423	0.0	2545	80866
HA16	gi|636560435|ref|NR_116495.1|	99.492	1378	7	0	1	1378	65	1442	0.0	2507	558537
HA16	gi|631252672|ref|NR_113870.1|	99.419	1378	8	0	1	1378	46	1423	0.0	2503	180282
HA16	gi|219857158|ref|NR_024786.1|	99.419	1378	8	0	1	1378	47	1424	0.0	2501	180282
HA16	gi|219856892|ref|NR_024711.1|	99.347	1378	9	0	1	1378	64	1441	0.0	2497	80866
HA51	gi|343201779|ref|NR_042505.1|	100.000	1320	0	0	1	1320	25	1344	0.0	2438	373672
HA51	gi|631252821|ref|NR_114019.1|	97.955	1320	27	0	1	1320	69	1388	0.0	2289	192389
HA51	gi|265678675|ref|NR_028980.1|	97.955	1320	27	0	1	1320	88	1407	0.0	2289	192389
HA51	gi|2221405480|ref|NR_175544.1|	97.576	1320	32	0	1	1320	93	1412	0.0	2261	2675056
HA51	gi|959494845|ref|NR_133722.1|	97.576	1320	32	0	1	1320	45	1364	0.0	2261	1278643
HA30	gi|2363083281|ref|NR_179889.1|	99.353	1390	6	3	1	1388	66	1454	0.0	2514	1785145
HA30	gi|2363081220|ref|NR_178854.1|	99.353	1390	5	4	1	1388	39	1426	0.0	2514	1628086
HA30	gi|219857639|ref|NR_025228.1|	99.137	1390	9	3	1	1388	35	1423	0.0	2497	198620
HA30	gi|343198698|ref|NR_043314.1|	98.922	1392	9	6	1	1388	56	1445	0.0	2483	321662
HA30	gi|2363087271|ref|NR_181891.1|	98.922	1391	10	4	1	1388	62	1450	0.0	2481	2890313
SJ17	gi|2363081220|ref|NR_178854.1|	82.534	292	51	0	144	435	721	1012	3.59e-96	351	1628086
SJ17	gi|2363081220|ref|NR_178854.1|	100.000	74	0	0	731	804	1290	1363	1.09e-31	137	1628086
SJ17	gi|2363081220|ref|NR_178854.1|	86.364	66	8	1	2	66	33	98	5.19e-15	82.4	1628086
SJ17	gi|343198698|ref|NR_043314.1|	82.253	293	51	1	144	435	739	1031	1.67e-94	346	321662
SJ17	gi|343198698|ref|NR_043314.1|	100.000	74	0	0	731	804	1309	1382	1.09e-31	137	321662
SJ17	gi|343198698|ref|NR_043314.1|	86.364	66	8	1	2	66	50	115	1.87e-14	80.5	321662
SJ17	gi|343198806|ref|NR_043716.1|	82.253	293	51	1	144	435	692	984	1.67e-94	346	317
SJ17	gi|343198806|ref|NR_043716.1|	100.000	74	0	0	731	804	1262	1335	1.09e-31	137	317
SJ17	gi|343198806|ref|NR_043716.1|	100.000	31	0	0	36	66	38	68	8.75e-08	58.4	317
SJ17	gi|636558738|ref|NR_114795.1|	82.192	292	52	0	144	435	615	906	6.00e-94	344	29442
SJ17	gi|636558738|ref|NR_114795.1|	100.000	74	0	0	731	804	1183	1256	1.09e-31	137	29442
SJ17	gi|672238852|ref|NR_118125.1|	81.911	293	51	2	144	435	729	1020	2.79e-92	339	226910
SJ17	gi|672238852|ref|NR_118125.1|	100.000	74	0	0	731	804	1298	1371	1.09e-31	137	226910
HA11	gi|566085409|ref|NR_109451.1|	99.780	1366	2	1	3	1367	65	1430	0.0	2505	1108595
HA11	gi|636558896|ref|NR_114953.1|	99.780	1366	2	1	3	1367	34	1399	0.0	2505	686831
HA11	gi|1018196547|ref|NR_136426.1|	98.607	1364	17	2	6	1367	65	1428	0.0	2412	1382803
HA11	gi|2363083899|ref|NR_180198.1|	98.607	1364	17	2	6	1367	76	1439	0.0	2412	2202141
HA11	gi|631252041|ref|NR_113239.1|	98.536	1366	19	1	3	1367	45	1410	0.0	2410	536
HA12	gi|636558692|ref|NR_114749.1|	99.852	1348	2	0	1	1348	86	1433	0.0	2479	380021
HA12	gi|1246951818|ref|NR_149822.1|	99.481	1348	7	0	1	1348	49	1396	0.0	2451	582700
HA12	gi|636560845|ref|NR_116905.1|	98.961	1348	14	0	1	1348	87	1434	0.0	2412	556534
HA12	gi|1182956119|ref|NR_146827.1|	98.813	1348	16	0	1	1348	39	1386	0.0	2401	1583341
HA12	gi|2363080391|ref|NR_178423.1|	98.813	1348	16	0	1	1348	68	1415	0.0	2401	86176
HA46	gi|2180566324|ref|NR_174204.1|	99.354	1394	6	3	1	1393	45	1436	0.0	2523	1537400
HA46	gi|343205994|ref|NR_044535.1|	98.924	1394	12	3	1	1393	11	1402	0.0	2490	519081
HA46	gi|343202972|ref|NR_043475.1|	98.709	1394	15	3	1	1393	58	1449	0.0	2473	332411
HA46	gi|631253002|ref|NR_114200.1|	98.637	1394	16	3	1	1393	37	1428	0.0	2471	332411
HA46	gi|1227086174|ref|NR_148648.1|	97.991	1394	25	3	1	1393	44	1435	0.0	2418	1293573
HA25	gi|444439691|ref|NR_075006.1|	99.715	1404	3	1	1	1403	71	1474	0.0	2569	340145
HA25	gi|343202974|ref|NR_043477.1|	99.359	1404	8	1	1	1403	69	1472	0.0	2542	169177
HA25	gi|636558754|ref|NR_114811.1|	98.932	1405	13	2	1	1403	61	1465	0.0	2510	169177
HA25	gi|219857184|ref|NR_024812.1|	98.860	1403	13	3	3	1403	54	1455	0.0	2499	223958
HA25	gi|343202973|ref|NR_043476.1|	98.718	1404	17	1	1	1403	69	1472	0.0	2492	1397700
HA32	gi|631253002|ref|NR_114200.1|	99.405	1344	8	0	1	1344	67	1410	0.0	2440	332411
HA32	gi|343202972|ref|NR_043475.1|	99.405	1344	8	0	1	1344	88	1431	0.0	2438	332411
HA32	gi|2180566324|ref|NR_174204.1|	99.182	1344	11	0	1	1344	75	1418	0.0	2422	1537400
HA32	gi|343205994|ref|NR_044535.1|	99.033	1344	13	0	1	1344	41	1384	0.0	2410	519081
HA32	gi|1227086174|ref|NR_148648.1|	98.661	1344	18	0	1	1344	74	1417	0.0	2383	1293573
HA10	gi|343205748|ref|NR_044152.1|	95.122	287	14	0	453	739	513	799	1.34e-134	479	419257
HA10	gi|343205748|ref|NR_044152.1|	92.958	71	5	0	108	178	169	239	2.03e-23	110	419257
HA10	gi|645321656|ref|NR_118571.1|	95.122	287	14	0	453	739	502	788	1.34e-134	479	633
HA10	gi|645321656|ref|NR_118571.1|	91.549	71	6	0	108	178	158	228	9.42e-22	104	633
HA10	gi|343201759|ref|NR_042485.1|	95.122	287	14	0	453	739	523	809	1.34e-134	479	367190
HA10	gi|343201759|ref|NR_042485.1|	91.549	71	6	0	108	178	179	249	9.42e-22	104	367190
HA10	gi|961555261|ref|NR_134230.1|	95.122	287	14	0	453	739	518	804	1.34e-134	479	1341643
HA10	gi|961555261|ref|NR_134230.1|	92.958	71	5	0	108	178	174	244	2.03e-23	110	1341643
HA10	gi|343201512|ref|NR_042238.1|	95.122	287	14	0	453	739	489	775	1.34e-134	479	263819
HA10	gi|343201512|ref|NR_042238.1|	91.549	71	6	0	108	178	145	215	9.42e-22	104	263819
SJ13	gi|2363083281|ref|NR_179889.1|	99.356	1397	6	3	2	1395	60	1456	0.0	2527	1785145
SJ13	gi|2363081220|ref|NR_178854.1|	99.356	1397	5	4	2	1395	33	1428	0.0	2527	1628086
SJ13	gi|219857639|ref|NR_025228.1|	99.141	1397	9	3	2	1395	29	1425	0.0	2510	198620
SJ13	gi|343198698|ref|NR_043314.1|	98.928	1399	9	6	2	1395	50	1447	0.0	2495	321662
SJ13	gi|2363087271|ref|NR_181891.1|	98.927	1398	10	5	2	1395	56	1452	0.0	2494	2890313
TL01	gi|2363087165|ref|NR_181838.1|	99.785	1397	1	2	2	1397	56	1451	0.0	2562	2815720
TL01	gi|2363086892|ref|NR_181703.1|	99.714	1397	2	2	2	1397	60	1455	0.0	2556	2827099
TL01	gi|699005351|ref|NR_126220.1|	99.571	1398	3	3	2	1397	39	1435	0.0	2545	1471381
TL01	gi|2363083473|ref|NR_179985.1|	99.499	1397	5	2	2	1397	53	1448	0.0	2540	2697028
TL01	gi|2363084990|ref|NR_180743.1|	99.427	1397	6	2	2	1397	34	1429	0.0	2534	2609964
HA21	gi|341588634|ref|NR_025945.2|	99.785	1396	1	2	1	1394	55	1450	0.0	2560	656
HA21	gi|1024974852|ref|NR_136831.1|	99.069	1396	11	2	1	1394	2	1397	0.0	2505	558884
HA21	gi|636560526|ref|NR_116586.1|	99.069	1396	11	2	1	1394	55	1450	0.0	2505	591962
HA21	gi|645322128|ref|NR_118947.1|	98.926	1396	13	2	1	1394	55	1450	0.0	2494	197701
HA21	gi|645322250|ref|NR_119045.1|	98.926	1396	13	2	1	1394	61	1456	0.0	2494	197701
HA04	gi|341588638|ref|NR_037013.2|	99.927	1375	0	1	1	1374	81	1455	0.0	2532	650
HA04	gi|645322243|ref|NR_119040.1|	99.927	1374	0	1	1	1373	87	1460	0.0	2531	650
HA04	gi|645322128|ref|NR_118947.1|	99.345	1375	8	1	1	1374	81	1455	0.0	2488	197701
HA04	gi|631251640|ref|NR_112838.1|	99.345	1375	8	1	1	1374	39	1413	0.0	2488	654
HA04	gi|645322250|ref|NR_119045.1|	99.345	1374	8	1	1	1373	87	1460	0.0	2486	197701
HA40	gi|1024974849|ref|NR_136830.1|	99.927	1369	1	0	1	1369	28	1396	0.0	2523	1543375
HA40	gi|645320961|ref|NR_118043.1|	99.270	1370	8	2	1	1369	81	1449	0.0	2473	324617
HA40	gi|645322128|ref|NR_118947.1|	99.271	1371	6	3	1	1369	81	1449	0.0	2473	197701
HA40	gi|645322250|ref|NR_119045.1|	99.271	1371	6	3	1	1369	87	1455	0.0	2473	197701
HA40	gi|631251640|ref|NR_112838.1|	99.271	1371	6	3	1	1369	39	1407	0.0	2473	654
HA50	gi|1024974849|ref|NR_136830.1|	99.853	1360	1	1	1	1360	28	1386	0.0	2499	1543375
HA50	gi|645320961|ref|NR_118043.1|	99.192	1361	8	3	1	1360	81	1439	0.0	2449	324617
HA50	gi|645322128|ref|NR_118947.1|	99.192	1362	6	4	1	1360	81	1439	0.0	2449	197701
HA50	gi|645322250|ref|NR_119045.1|	99.192	1362	6	4	1	1360	87	1445	0.0	2449	197701
HA50	gi|631251640|ref|NR_112838.1|	99.192	1362	6	4	1	1360	39	1397	0.0	2449	654
HA68	gi|631253002|ref|NR_114200.1|	99.399	1331	8	0	1	1331	61	1391	0.0	2416	332411
HA68	gi|343202972|ref|NR_043475.1|	99.399	1331	8	0	1	1331	82	1412	0.0	2414	332411
HA68	gi|2180566324|ref|NR_174204.1|	99.174	1331	11	0	1	1331	69	1399	0.0	2398	1537400
HA68	gi|343205994|ref|NR_044535.1|	99.023	1331	13	0	1	1331	35	1365	0.0	2386	519081
HA68	gi|1227086174|ref|NR_148648.1|	98.648	1331	18	0	1	1331	68	1398	0.0	2359	1293573
HA29	gi|343198715|ref|NR_043472.1|	99.850	1331	2	0	1	1331	68	1398	0.0	2447	328692
HA29	gi|1179766739|ref|NR_146689.1|	98.948	1331	14	0	1	1331	67	1397	0.0	2381	1837379
HA29	gi|566084777|ref|NR_108113.1|	98.648	1331	18	0	1	1331	37	1367	0.0	2359	392408
HA29	gi|1240411847|ref|NR_149178.1|	98.348	1332	20	2	1	1331	67	1397	0.0	2337	1837380
HA29	gi|343198716|ref|NR_043473.1|	98.122	1331	23	2	1	1331	66	1394	0.0	2318	569127
SJ02	gi|631252561|ref|NR_113759.1|	99.630	1351	1	4	2	1350	33	1381	0.0	2464	330920
SJ02	gi|631252921|ref|NR_114119.1|	99.556	1351	4	2	2	1350	33	1383	0.0	2460	99597
SJ02	gi|631252699|ref|NR_113897.1|	99.556	1351	2	4	2	1350	33	1381	0.0	2460	53317
SJ02	gi|219878224|ref|NR_025363.1|	99.556	1351	4	2	2	1350	33	1383	0.0	2460	99597
SJ02	gi|219846746|ref|NR_026338.1|	99.556	1351	2	4	2	1350	33	1381	0.0	2459	53317
TL03	gi|343202257|ref|NR_042543.1|	88.845	251	27	1	183	433	764	1013	2.71e-97	355	395600
TL03	gi|343202257|ref|NR_042543.1|	96.154	78	3	0	724	801	1303	1380	1.79e-29	130	395600
TL03	gi|343202255|ref|NR_042541.1|	88.845	251	27	1	183	433	764	1013	2.71e-97	355	395598
TL03	gi|343202255|ref|NR_042541.1|	96.154	78	3	0	724	801	1303	1380	1.79e-29	130	395598
TL03	gi|343202255|ref|NR_042541.1|	89.286	56	6	0	47	102	79	134	5.08e-15	82.4	395598
TL03	gi|2962412320|ref|NR_199515.1|	88.845	251	27	1	183	433	793	1042	2.71e-97	355	3024217
TL03	gi|2962412320|ref|NR_199515.1|	96.154	78	3	0	724	801	1332	1409	1.79e-29	130	3024217
TL03	gi|1315203970|ref|NR_152639.1|	88.845	251	27	1	183	433	748	997	2.71e-97	355	1451454
TL03	gi|1315203970|ref|NR_152639.1|	96.154	78	3	0	724	801	1287	1364	1.79e-29	130	1451454
TL03	gi|1776910893|ref|NR_164626.1|	88.845	251	27	1	183	433	774	1023	2.71e-97	355	86192
TL03	gi|1776910893|ref|NR_164626.1|	96.154	78	3	0	724	801	1313	1390	1.79e-29	130	86192
HA37	gi|444439691|ref|NR_075006.1|	99.712	1390	3	1	1	1390	70	1458	0.0	2545	340145
HA37	gi|343202974|ref|NR_043477.1|	99.353	1390	8	1	1	1390	68	1456	0.0	2518	169177
HA37	gi|636558754|ref|NR_114811.1|	98.922	1391	13	2	1	1390	60	1449	0.0	2486	169177
HA37	gi|219857184|ref|NR_024812.1|	98.778	1391	14	3	1	1390	51	1439	0.0	2473	223958
HA37	gi|343202973|ref|NR_043476.1|	98.705	1390	17	1	1	1390	68	1456	0.0	2468	1397700
HA14	gi|228716058|ref|NR_027545.1|	99.781	1368	3	0	1	1368	36	1403	0.0	2510	631
HA14	gi|2363080884|ref|NR_178685.1|	99.781	1368	3	0	1	1368	36	1403	0.0	2510	1604335
HA14	gi|645320075|ref|NR_117369.1|	99.635	1368	5	0	1	1368	25	1392	0.0	2499	687899
HA14	gi|343201120|ref|NR_041831.1|	99.635	1368	5	0	1	1368	36	1403	0.0	2499	29483
HA14	gi|228716090|ref|NR_027546.1|	99.488	1368	7	0	1	1368	36	1403	0.0	2488	33060
HA39	gi|2363083281|ref|NR_179889.1|	99.491	1374	4	3	1	1373	77	1448	0.0	2495	1785145
HA39	gi|2363081220|ref|NR_178854.1|	99.491	1374	3	4	1	1373	50	1420	0.0	2495	1628086
HA39	gi|219857639|ref|NR_025228.1|	99.345	1374	6	3	1	1373	46	1417	0.0	2484	198620
HA39	gi|343198698|ref|NR_043314.1|	99.128	1376	6	6	1	1373	67	1439	0.0	2470	321662
HA39	gi|2363087271|ref|NR_181891.1|	99.127	1374	9	3	1	1373	73	1444	0.0	2468	2890313
HA08	gi|343201779|ref|NR_042505.1|	100.000	1282	0	0	1	1282	59	1340	0.0	2368	373672
HA08	gi|631252821|ref|NR_114019.1|	97.972	1282	26	0	1	1282	103	1384	0.0	2224	192389
HA08	gi|265678675|ref|NR_028980.1|	97.972	1282	26	0	1	1282	122	1403	0.0	2224	192389
HA08	gi|2221405480|ref|NR_175544.1|	97.582	1282	31	0	1	1282	127	1408	0.0	2196	2675056
HA08	gi|959494845|ref|NR_133722.1|	97.582	1282	31	0	1	1282	79	1360	0.0	2196	1278643
HA28	gi|343201779|ref|NR_042505.1|	99.922	1290	1	0	1	1290	26	1315	0.0	2377	373672
HA28	gi|631252821|ref|NR_114019.1|	97.907	1290	27	0	1	1290	70	1359	0.0	2233	192389
HA28	gi|265678675|ref|NR_028980.1|	97.907	1290	27	0	1	1290	89	1378	0.0	2233	192389
HA28	gi|2221405480|ref|NR_175544.1|	97.597	1290	31	0	1	1290	94	1383	0.0	2211	2675056
HA28	gi|636558870|ref|NR_114927.1|	97.599	1291	29	2	1	1290	63	1352	0.0	2211	236814
HA34	gi|343198715|ref|NR_043472.1|	99.843	1273	2	0	1	1273	111	1383	0.0	2340	328692
HA34	gi|1179766739|ref|NR_146689.1|	98.900	1273	14	0	1	1273	110	1382	0.0	2274	1837379
HA34	gi|566084777|ref|NR_108113.1|	98.665	1273	17	0	1	1273	80	1352	0.0	2257	392408
HA34	gi|1240411847|ref|NR_149178.1|	98.273	1274	20	2	1	1273	110	1382	0.0	2230	1837380
HA34	gi|343198716|ref|NR_043473.1|	98.272	1273	21	1	1	1273	108	1379	0.0	2228	569127
HA35	gi|631253002|ref|NR_114200.1|	99.403	1339	8	0	1	1339	63	1401	0.0	2431	332411
HA35	gi|343202972|ref|NR_043475.1|	99.403	1339	8	0	1	1339	84	1422	0.0	2429	332411
HA35	gi|2180566324|ref|NR_174204.1|	99.178	1339	11	0	1	1339	71	1409	0.0	2412	1537400
HA35	gi|343205994|ref|NR_044535.1|	99.029	1339	13	0	1	1339	37	1375	0.0	2401	519081
HA35	gi|1227086174|ref|NR_148648.1|	98.656	1339	18	0	1	1339	70	1408	0.0	2374	1293573
SJ05	gi|219846803|ref|NR_026395.1|	99.856	1389	1	1	1	1388	61	1449	0.0	2553	158627
SJ05	gi|265678798|ref|NR_029103.1|	99.209	1390	8	3	1	1388	62	1450	0.0	2503	243924
SJ05	gi|2363086629|ref|NR_181571.1|	98.848	1389	15	1	1	1388	68	1456	0.0	2475	2762576
SJ05	gi|219857638|ref|NR_025227.1|	98.776	1389	16	1	1	1388	37	1425	0.0	2470	198618
SJ05	gi|265678758|ref|NR_029063.1|	98.704	1389	17	1	1	1388	62	1450	0.0	2466	216142
TL04	gi|2363087165|ref|NR_181838.1|	99.713	1392	3	1	1	1391	59	1450	0.0	2551	2815720
TL04	gi|2363086892|ref|NR_181703.1|	99.641	1392	4	1	1	1391	63	1454	0.0	2545	2827099
TL04	gi|699005351|ref|NR_126220.1|	99.497	1393	5	2	1	1391	42	1434	0.0	2536	1471381
TL04	gi|2363083473|ref|NR_179985.1|	99.425	1392	7	1	1	1391	56	1447	0.0	2529	2697028
TL04	gi|2363084990|ref|NR_180743.1|	99.495	1387	7	0	1	1387	37	1423	0.0	2527	2609964
HA36	gi|1909404385|ref|NR_170438.1|	89.167	240	26	0	168	407	783	1022	4.08e-95	348	1674920
HA36	gi|1864207165|ref|NR_169460.1|	89.167	240	26	0	168	407	779	1018	4.08e-95	348	1869229
HA36	gi|343202257|ref|NR_042543.1|	89.167	240	26	0	168	407	774	1013	5.27e-94	344	395600
HA36	gi|343202255|ref|NR_042541.1|	89.167	240	26	0	168	407	774	1013	5.27e-94	344	395598
HA36	gi|2962412320|ref|NR_199515.1|	89.167	240	26	0	168	407	803	1042	5.27e-94	344	3024217
HA45	gi|343201779|ref|NR_042505.1|	99.761	1256	1	2	1	1254	26	1281	0.0	2302	373672
HA45	gi|631252821|ref|NR_114019.1|	97.840	1250	26	1	6	1254	76	1325	0.0	2158	192389
HA45	gi|265678675|ref|NR_028980.1|	97.840	1250	26	1	6	1254	95	1344	0.0	2158	192389
HA45	gi|2221405480|ref|NR_175544.1|	97.373	1256	31	2	1	1254	94	1349	0.0	2135	2675056
HA45	gi|636558870|ref|NR_114927.1|	97.522	1251	28	3	6	1254	69	1318	0.0	2135	236814
HA23	gi|341588638|ref|NR_037013.2|	99.703	1345	4	0	1	1345	76	1420	0.0	2468	650
HA23	gi|645322243|ref|NR_119040.1|	99.703	1345	4	0	1	1345	82	1426	0.0	2468	650
HA23	gi|645322128|ref|NR_118947.1|	99.257	1345	10	0	1	1345	76	1420	0.0	2435	197701
HA23	gi|645322250|ref|NR_119045.1|	99.257	1345	10	0	1	1345	82	1426	0.0	2435	197701
HA23	gi|631251640|ref|NR_112838.1|	99.257	1345	10	0	1	1345	34	1378	0.0	2435	654
HA48	gi|645320961|ref|NR_118043.1|	99.705	1354	4	0	1	1354	76	1429	0.0	2479	324617
HA48	gi|1024974849|ref|NR_136830.1|	99.483	1355	5	2	1	1354	23	1376	0.0	2462	1543375
HA48	gi|645322127|ref|NR_118946.1|	99.409	1354	8	0	1	1354	76	1429	0.0	2457	649
HA48	gi|645322128|ref|NR_118947.1|	99.410	1356	4	3	1	1354	76	1429	0.0	2457	197701
HA48	gi|645322250|ref|NR_119045.1|	99.410	1356	4	3	1	1354	82	1435	0.0	2457	197701
HA59	gi|219857514|ref|NR_025102.1|	99.634	1365	5	0	1	1365	50	1414	0.0	2495	129847
HA59	gi|219857280|ref|NR_024911.1|	99.634	1365	5	0	1	1365	71	1435	0.0	2494	76760
HA59	gi|645320670|ref|NR_117821.1|	99.560	1365	6	0	1	1365	30	1394	0.0	2488	298
HA59	gi|265678404|ref|NR_028706.1|	99.560	1365	6	0	1	1365	79	1443	0.0	2488	76761
HA59	gi|2363086942|ref|NR_181728.1|	99.487	1365	7	0	1	1365	64	1428	0.0	2483	2833594
HA18	gi|636560545|ref|NR_116605.1|	99.845	1287	1	1	1	1286	70	1356	0.0	2366	568783
HA18	gi|631252941|ref|NR_114139.1|	99.689	1287	3	1	1	1286	70	1356	0.0	2353	863372
HA18	gi|219856879|ref|NR_024698.1|	99.689	1287	3	1	1	1286	69	1355	0.0	2353	863372
HA18	gi|636560100|ref|NR_116160.1|	99.611	1287	4	1	1	1286	70	1356	0.0	2348	1235558
HA18	gi|631252870|ref|NR_114068.1|	99.611	1287	4	1	1	1286	70	1356	0.0	2348	1235558
HA42	gi|343198715|ref|NR_043472.1|	99.843	1277	2	0	1	1277	111	1387	0.0	2348	328692
HA42	gi|1179766739|ref|NR_146689.1|	98.904	1277	14	0	1	1277	110	1386	0.0	2281	1837379
HA42	gi|566084777|ref|NR_108113.1|	98.669	1277	17	0	1	1277	80	1356	0.0	2265	392408
HA42	gi|1240411847|ref|NR_149178.1|	98.279	1278	20	2	1	1277	110	1386	0.0	2237	1837380
HA42	gi|343198716|ref|NR_043473.1|	98.277	1277	21	1	1	1277	108	1383	0.0	2235	569127
SJ08	gi|636560748|ref|NR_116808.1|	99.002	1403	10	4	1	1402	40	1439	0.0	2510	649197
SJ08	gi|631252958|ref|NR_114156.1|	98.717	1403	15	3	1	1402	36	1436	0.0	2495	47917
SJ08	gi|636558520|ref|NR_114577.1|	98.718	1404	13	4	1	1402	16	1416	0.0	2488	47917
SJ08	gi|219878200|ref|NR_025339.1|	98.574	1403	17	3	1	1402	40	1440	0.0	2477	47917
SJ08	gi|219878201|ref|NR_025340.1|	98.361	1403	22	1	1	1402	40	1442	0.0	2462	82995
TL05	gi|2363083473|ref|NR_179985.1|	99.346	1376	7	2	1	1376	60	1433	0.0	2490	2697028
TL05	gi|699005351|ref|NR_126220.1|	99.129	1377	9	3	1	1376	46	1420	0.0	2473	1471381
TL05	gi|636560839|ref|NR_116899.1|	99.055	1376	11	2	1	1376	27	1400	0.0	2468	674054
TL05	gi|2363087165|ref|NR_181838.1|	99.055	1376	11	2	1	1376	63	1436	0.0	2468	2815720
TL05	gi|2363086892|ref|NR_181703.1|	98.983	1376	12	2	1	1376	67	1440	0.0	2462	2827099
HA44	gi|645322012|ref|NR_118858.1|	99.069	1289	10	2	1	1288	18	1305	0.0	2313	55212
HA44	gi|645319612|ref|NR_117000.1|	98.991	1288	11	2	1	1288	40	1325	0.0	2307	68334
HA44	gi|343201250|ref|NR_041976.1|	98.991	1289	11	2	1	1288	46	1333	0.0	2307	55212
HA44	gi|559795138|ref|NR_104724.1|	98.991	1288	11	2	1	1288	40	1325	0.0	2305	68334
HA44	gi|645322671|ref|NR_119365.1|	98.914	1289	12	2	1	1288	40	1327	0.0	2305	55212
HA56	gi|343201779|ref|NR_042505.1|	98.661	1270	15	2	1	1268	44	1313	0.0	2257	373672
HA56	gi|631252821|ref|NR_114019.1|	96.693	1270	40	2	1	1268	88	1357	0.0	2119	192389
HA56	gi|265678675|ref|NR_028980.1|	96.693	1270	40	2	1	1268	107	1376	0.0	2119	192389
HA56	gi|636558870|ref|NR_114927.1|	96.381	1271	42	4	1	1268	81	1350	0.0	2097	236814
HA56	gi|310975008|ref|NR_036872.1|	96.381	1271	42	4	1	1268	92	1361	0.0	2097	236814
HA67	gi|343201779|ref|NR_042505.1|	100.000	1256	0	0	1	1256	58	1313	0.0	2320	373672
HA67	gi|631252821|ref|NR_114019.1|	97.930	1256	26	0	1	1256	102	1357	0.0	2176	192389
HA67	gi|265678675|ref|NR_028980.1|	97.930	1256	26	0	1	1256	121	1376	0.0	2176	192389
HA67	gi|2221405480|ref|NR_175544.1|	97.532	1256	31	0	1	1256	126	1381	0.0	2148	2675056
HA67	gi|959494845|ref|NR_133722.1|	97.532	1256	31	0	1	1256	78	1333	0.0	2148	1278643
HA27	gi|631252549|ref|NR_113747.1|	98.452	1227	16	3	1	1225	131	1356	0.0	2158	180195
HA27	gi|343200212|ref|NR_040899.1|	98.452	1227	16	3	1	1225	152	1377	0.0	2158	180195
HA27	gi|1679775940|ref|NR_163661.1|	98.287	1226	20	1	1	1225	100	1325	0.0	2146	2014887
HA27	gi|631252944|ref|NR_114142.1|	98.206	1226	21	1	1	1225	131	1356	0.0	2141	964
HA27	gi|631252943|ref|NR_114141.1|	98.206	1226	21	1	1	1225	131	1356	0.0	2141	80842
HA52	gi|645320611|ref|NR_117776.1|	99.521	1252	6	0	1	1252	65	1316	0.0	2279	999386
HA52	gi|2363080259|ref|NR_178354.1|	99.201	1252	10	0	1	1252	85	1336	0.0	2257	553814
HA52	gi|265678412|ref|NR_028714.1|	98.882	1252	14	0	1	1252	85	1336	0.0	2235	47920
HA52	gi|636560071|ref|NR_116131.1|	98.723	1253	14	2	1	1252	4	1255	0.0	2224	47920
HA52	gi|219846914|ref|NR_026506.1|	98.562	1252	18	0	1	1252	85	1336	0.0	2213	86669
HA53	gi|444439691|ref|NR_075006.1|	99.777	1348	2	1	1	1347	70	1417	0.0	2471	340145
HA53	gi|1237089589|ref|NR_114970.2|	99.850	1336	1	1	1	1335	65	1400	0.0	2455	340145
HA53	gi|343202974|ref|NR_043477.1|	99.407	1348	7	1	1	1347	68	1415	0.0	2444	169177
HA53	gi|636558754|ref|NR_114811.1|	98.962	1349	12	2	1	1347	60	1408	0.0	2412	169177
HA53	gi|219857184|ref|NR_024812.1|	98.814	1349	13	3	1	1347	51	1398	0.0	2399	223958
HA63	gi|444439691|ref|NR_075006.1|	99.859	1422	2	0	3	1424	53	1474	0.0	2615	340145
HA63	gi|343202974|ref|NR_043477.1|	99.508	1422	7	0	3	1424	51	1472	0.0	2588	169177
HA63	gi|636558754|ref|NR_114811.1|	99.086	1423	12	1	3	1424	43	1465	0.0	2555	169177
HA63	gi|219857184|ref|NR_024812.1|	98.946	1423	13	2	3	1424	34	1455	0.0	2543	223958
HA63	gi|343202973|ref|NR_043476.1|	98.875	1422	16	0	3	1424	51	1472	0.0	2538	1397700
SJ10	gi|2363083281|ref|NR_179889.1|	99.664	1191	3	1	1	1190	260	1450	0.0	2176	1785145
SJ10	gi|2363081220|ref|NR_178854.1|	99.580	1191	3	2	1	1190	233	1422	0.0	2170	1628086
SJ10	gi|219857639|ref|NR_025228.1|	99.412	1191	6	1	1	1190	229	1419	0.0	2159	198620
SJ10	gi|2363080415|ref|NR_178447.1|	99.330	1194	7	1	1	1193	167	1360	0.0	2159	1421430
SJ10	gi|343202255|ref|NR_042541.1|	99.244	1191	8	1	1	1190	233	1423	0.0	2148	395598
SJ14	gi|636558998|ref|NR_115055.1|	98.617	1374	18	1	1	1373	9	1382	0.0	2431	76731
SJ14	gi|631250800|ref|NR_111995.1|	98.617	1374	18	1	1	1373	37	1410	0.0	2431	76731
SJ14	gi|310974949|ref|NR_036813.1|	98.617	1374	18	1	1	1373	37	1410	0.0	2431	76731
SJ14	gi|343202330|ref|NR_042616.1|	98.544	1374	19	1	1	1373	9	1382	0.0	2425	431060
SJ14	gi|343202331|ref|NR_042617.1|	98.392	1368	21	1	7	1373	1	1368	0.0	2403	431061
TL06	gi|2962412320|ref|NR_199515.1|	99.714	1397	3	1	1	1396	60	1456	0.0	2556	3024217
TL06	gi|645319817|ref|NR_117177.1|	99.714	1397	3	1	1	1396	49	1445	0.0	2556	104087
TL06	gi|265678601|ref|NR_028906.1|	99.428	1399	4	4	1	1396	70	1467	0.0	2536	104087
TL06	gi|1315203970|ref|NR_152639.1|	99.284	1397	9	1	1	1396	15	1411	0.0	2523	1451454
TL06	gi|1397641706|ref|NR_156815.1|	99.284	1397	9	1	1	1396	60	1456	0.0	2523	1853130
HA65	gi|2180566324|ref|NR_174204.1|	99.625	1335	5	0	1	1335	66	1400	0.0	2438	1537400
HA65	gi|343205994|ref|NR_044535.1|	99.176	1335	11	0	1	1335	32	1366	0.0	2405	519081
HA65	gi|631253002|ref|NR_114200.1|	98.951	1335	14	0	1	1335	58	1392	0.0	2390	332411
HA65	gi|343202972|ref|NR_043475.1|	98.951	1335	14	0	1	1335	79	1413	0.0	2388	332411
HA65	gi|1227086174|ref|NR_148648.1|	98.202	1335	24	0	1	1335	65	1399	0.0	2333	1293573
HA47	gi|566085409|ref|NR_109451.1|	99.476	1335	5	2	1	1334	78	1411	0.0	2431	1108595
HA47	gi|636558896|ref|NR_114953.1|	99.476	1335	5	2	1	1334	47	1380	0.0	2431	686831
HA47	gi|1018196547|ref|NR_136426.1|	98.571	1330	17	2	6	1334	81	1409	0.0	2355	1382803
HA47	gi|2363083899|ref|NR_180198.1|	98.571	1330	17	2	6	1334	92	1420	0.0	2355	2202141
HA47	gi|2363087289|ref|NR_181900.1|	98.421	1330	19	2	6	1334	85	1413	0.0	2344	2077146
HA07	gi|645322124|ref|NR_118944.1|	99.851	1341	1	1	1	1341	81	1420	0.0	2464	644
HA07	gi|343198769|ref|NR_043638.1|	99.851	1341	1	1	1	1341	82	1421	0.0	2464	644
HA07	gi|631252144|ref|NR_113342.1|	99.851	1341	1	1	1	1341	62	1401	0.0	2464	644
HA07	gi|444439526|ref|NR_074841.1|	99.851	1341	1	1	1	1341	82	1421	0.0	2464	644
HA07	gi|645322242|ref|NR_119039.1|	99.851	1341	1	1	1	1341	87	1426	0.0	2464	644
HA33	gi|343201779|ref|NR_042505.1|	99.836	1223	1	1	1	1222	54	1276	0.0	2246	373672
HA33	gi|631252821|ref|NR_114019.1|	97.792	1223	26	1	1	1222	98	1320	0.0	2108	192389
HA33	gi|265678675|ref|NR_028980.1|	97.792	1223	26	1	1	1222	117	1339	0.0	2108	192389
HA33	gi|636558870|ref|NR_114927.1|	97.467	1224	28	3	1	1222	91	1313	0.0	2085	236814
HA33	gi|310975008|ref|NR_036872.1|	97.467	1224	28	3	1	1222	102	1324	0.0	2085	236814
HA61	gi|2363080884|ref|NR_178685.1|	99.841	1258	2	0	1	1258	103	1360	0.0	2313	1604335
HA61	gi|228716090|ref|NR_027546.1|	99.762	1258	3	0	1	1258	103	1360	0.0	2307	33060
HA61	gi|228716058|ref|NR_027545.1|	99.762	1258	3	0	1	1258	103	1360	0.0	2307	631
HA61	gi|645320075|ref|NR_117369.1|	99.682	1258	4	0	1	1258	92	1349	0.0	2302	687899
HA61	gi|343201120|ref|NR_041831.1|	99.682	1258	4	0	1	1258	103	1360	0.0	2302	29483
SJ12	gi|2363083281|ref|NR_179889.1|	99.355	1396	6	3	1	1393	61	1456	0.0	2525	1785145
SJ12	gi|2363081220|ref|NR_178854.1|	99.355	1396	5	4	1	1393	34	1428	0.0	2525	1628086
SJ12	gi|219857639|ref|NR_025228.1|	99.140	1396	9	3	1	1393	30	1425	0.0	2508	198620
SJ12	gi|343198698|ref|NR_043314.1|	98.927	1398	9	6	1	1393	51	1447	0.0	2494	321662
SJ12	gi|2363087271|ref|NR_181891.1|	98.926	1397	10	5	1	1393	57	1452	0.0	2492	2890313
SJ18	gi|645322126|ref|NR_118945.1|	99.857	1403	0	2	1	1402	55	1456	0.0	2579	645
SJ18	gi|343202838|ref|NR_043324.1|	99.857	1403	0	2	1	1402	40	1441	0.0	2579	645
SJ18	gi|645322246|ref|NR_119042.1|	99.857	1401	0	2	1	1400	61	1460	0.0	2575	645
SJ18	gi|341588635|ref|NR_026089.2|	99.715	1403	2	2	1	1402	55	1456	0.0	2567	105751
SJ18	gi|559795342|ref|NR_104935.1|	99.715	1403	2	2	1	1402	57	1458	0.0	2567	80746
TL07	gi|2363087165|ref|NR_181838.1|	99.857	1397	1	1	2	1397	56	1452	0.0	2567	2815720
TL07	gi|2363086892|ref|NR_181703.1|	99.785	1397	2	1	2	1397	60	1456	0.0	2562	2827099
TL07	gi|699005351|ref|NR_126220.1|	99.642	1398	3	2	2	1397	39	1436	0.0	2553	1471381
TL07	gi|2363083473|ref|NR_179985.1|	99.571	1397	5	1	2	1397	53	1449	0.0	2545	2697028
TL07	gi|2363084990|ref|NR_180743.1|	99.499	1397	6	1	2	1397	34	1430	0.0	2540	2609964
HA64	gi|645322126|ref|NR_118945.1|	99.925	1341	0	1	1	1341	82	1421	0.0	2470	645
HA64	gi|343202838|ref|NR_043324.1|	99.925	1341	0	1	1	1341	67	1406	0.0	2470	645
HA64	gi|645322246|ref|NR_119042.1|	99.925	1341	0	1	1	1341	88	1427	0.0	2470	645
HA64	gi|341588635|ref|NR_026089.2|	99.776	1341	2	1	1	1341	82	1421	0.0	2459	105751
HA64	gi|559795342|ref|NR_104935.1|	99.776	1341	2	1	1	1341	84	1423	0.0	2459	80746
HA03	gi|341588638|ref|NR_037013.2|	99.926	1346	1	0	1	1346	76	1421	0.0	2481	650
HA03	gi|645322243|ref|NR_119040.1|	99.926	1346	1	0	1	1346	82	1427	0.0	2481	650
HA03	gi|645322128|ref|NR_118947.1|	99.480	1346	7	0	1	1346	76	1421	0.0	2447	197701
HA03	gi|645322250|ref|NR_119045.1|	99.480	1346	7	0	1	1346	82	1427	0.0	2447	197701
HA03	gi|631251640|ref|NR_112838.1|	99.480	1346	7	0	1	1346	34	1379	0.0	2447	654
HA57	gi|343201779|ref|NR_042505.1|	100.000	1335	0	0	1	1335	14	1348	0.0	2466	373672
HA57	gi|631252821|ref|NR_114019.1|	97.970	1330	27	0	6	1335	63	1392	0.0	2307	192389
HA57	gi|265678675|ref|NR_028980.1|	97.970	1330	27	0	6	1335	82	1411	0.0	2307	192389
HA57	gi|2221405480|ref|NR_175544.1|	97.528	1335	33	0	1	1335	82	1416	0.0	2283	2675056
HA57	gi|959494845|ref|NR_133722.1|	97.530	1336	32	1	1	1335	33	1368	0.0	2283	1278643
HA06	gi|566085409|ref|NR_109451.1|	99.701	1338	2	2	3	1338	65	1402	0.0	2447	1108595
HA06	gi|636558896|ref|NR_114953.1|	99.701	1338	2	2	3	1338	34	1371	0.0	2447	686831
HA06	gi|631252041|ref|NR_113239.1|	98.430	1338	19	2	3	1338	45	1382	0.0	2353	536
HA06	gi|1018196547|ref|NR_136426.1|	98.503	1336	17	3	6	1338	65	1400	0.0	2353	1382803
HA06	gi|631252397|ref|NR_113595.1|	98.430	1338	19	2	3	1338	45	1382	0.0	2353	536
HA17	gi|645322128|ref|NR_118947.1|	99.466	1312	7	0	1	1312	89	1400	0.0	2385	197701
HA17	gi|645322250|ref|NR_119045.1|	99.466	1312	7	0	1	1312	95	1406	0.0	2385	197701
HA17	gi|631251640|ref|NR_112838.1|	99.466	1312	7	0	1	1312	47	1358	0.0	2385	654
HA17	gi|1024974849|ref|NR_136830.1|	99.390	1312	8	0	1	1312	36	1347	0.0	2379	1543375
HA17	gi|343206253|ref|NR_044845.1|	99.314	1312	7	2	1	1312	89	1398	0.0	2372	654
HA41	gi|645322124|ref|NR_118944.1|	100.000	1356	0	0	1	1356	76	1431	0.0	2505	644
HA41	gi|343198769|ref|NR_043638.1|	100.000	1356	0	0	1	1356	77	1432	0.0	2505	644
HA41	gi|631252144|ref|NR_113342.1|	100.000	1356	0	0	1	1356	57	1412	0.0	2505	644
HA41	gi|444439526|ref|NR_074841.1|	100.000	1356	0	0	1	1356	77	1432	0.0	2505	644
HA41	gi|645322242|ref|NR_119039.1|	100.000	1356	0	0	1	1356	82	1437	0.0	2505	644
HA69	gi|1137647860|ref|NR_145649.1|	99.692	1300	0	4	1	1296	96	1395	0.0	2375	1537398
HA69	gi|2363086896|ref|NR_181705.1|	99.231	1300	6	4	1	1296	107	1406	0.0	2342	2828729
HA69	gi|672239082|ref|NR_125671.1|	98.694	1302	9	8	1	1296	85	1384	0.0	2303	1344949
HA69	gi|2363084200|ref|NR_180349.1|	98.084	1305	15	9	1	1296	89	1392	0.0	2263	2495591
HA69	gi|636558958|ref|NR_115015.1|	97.853	1304	20	7	1	1296	79	1382	0.0	2246	401471
SJ07	gi|219857639|ref|NR_025228.1|	99.926	1360	0	1	1	1360	49	1407	0.0	2505	198620
SJ07	gi|2363086944|ref|NR_181729.1|	99.779	1360	2	1	1	1360	58	1416	0.0	2494	2833595
SJ07	gi|343202255|ref|NR_042541.1|	99.485	1360	6	1	1	1360	53	1411	0.0	2473	395598
SJ07	gi|2363085530|ref|NR_181014.1|	99.486	1361	4	3	1	1360	53	1411	0.0	2471	2684212
SJ07	gi|2363083281|ref|NR_179889.1|	99.485	1360	6	1	1	1360	80	1438	0.0	2471	1785145
SJ16	gi|636558692|ref|NR_114749.1|	99.785	1397	2	1	2	1397	51	1447	0.0	2562	380021
SJ16	gi|1246951818|ref|NR_149822.1|	99.356	1397	8	1	2	1397	14	1410	0.0	2529	582700
SJ16	gi|636560845|ref|NR_116905.1|	98.783	1397	16	1	2	1397	52	1448	0.0	2484	556534
SJ16	gi|2363080391|ref|NR_178423.1|	98.712	1397	17	1	2	1397	33	1429	0.0	2479	86176
SJ16	gi|1315203970|ref|NR_152639.1|	98.640	1397	18	1	2	1397	15	1411	0.0	2473	1451454
SJ03	gi|2962412302|ref|NR_199497.1|	99.567	1385	5	1	1	1384	22	1406	0.0	2523	3299025
SJ03	gi|2962412304|ref|NR_199499.1|	99.495	1385	6	1	1	1384	31	1415	0.0	2518	3299030
SJ03	gi|636558993|ref|NR_115050.1|	99.278	1386	9	1	1	1385	6	1391	0.0	2503	304
SJ03	gi|343202328|ref|NR_042614.1|	99.278	1385	9	1	1	1384	6	1390	0.0	2501	431058
SJ03	gi|636558992|ref|NR_115049.1|	99.278	1385	9	1	1	1384	32	1416	0.0	2501	304
TL02	gi|343201623|ref|NR_042349.1|	98.606	287	3	1	718	1003	1145	1431	1.81e-144	512	299767
TL02	gi|343201623|ref|NR_042349.1|	90.000	240	20	4	326	564	756	992	3.25e-92	339	299767
TL02	gi|343201623|ref|NR_042349.1|	93.377	151	10	0	45	195	475	625	7.34e-59	228	299767
TL02	gi|1013172404|ref|NR_135871.1|	98.606	287	3	1	718	1003	1135	1421	1.81e-144	512	1513468
TL02	gi|1013172404|ref|NR_135871.1|	92.181	243	18	1	326	568	745	986	8.91e-103	374	1513468
TL02	gi|1013172404|ref|NR_135871.1|	98.675	151	2	0	45	195	464	614	3.34e-72	272	1513468
TL02	gi|636560370|ref|NR_116430.1|	98.258	287	4	1	718	1003	979	1265	8.42e-143	507	980518
TL02	gi|636560370|ref|NR_116430.1|	89.787	235	21	3	326	559	590	822	1.96e-89	329	980518
TL02	gi|636560370|ref|NR_116430.1|	92.715	151	10	1	45	195	311	460	1.23e-56	220	980518
TL02	gi|699005450|ref|NR_126319.1|	98.258	287	4	1	718	1003	1163	1449	8.42e-143	507	158823
TL02	gi|699005450|ref|NR_126319.1|	90.541	222	20	1	326	547	774	994	9.10e-88	324	158823
TL02	gi|699005450|ref|NR_126319.1|	95.302	149	7	0	45	193	493	641	9.43e-63	241	158823
TL02	gi|699005449|ref|NR_126318.1|	98.258	287	4	1	718	1003	1163	1449	8.42e-143	507	158823
TL02	gi|699005449|ref|NR_126318.1|	90.000	240	20	4	326	564	774	1010	3.25e-92	339	158823
TL02	gi|699005449|ref|NR_126318.1|	95.302	149	7	0	45	193	493	641	9.43e-63	241	158823
TL16	gi|2363087165|ref|NR_181838.1|	99.857	1397	1	1	1	1396	56	1452	0.0	2567	2815720
TL16	gi|2363086892|ref|NR_181703.1|	99.785	1397	2	1	1	1396	60	1456	0.0	2562	2827099
TL16	gi|699005351|ref|NR_126220.1|	99.642	1398	3	2	1	1396	39	1436	0.0	2553	1471381
TL16	gi|2363083473|ref|NR_179985.1|	99.571	1397	5	1	1	1396	53	1449	0.0	2545	2697028
TL16	gi|2363084990|ref|NR_180743.1|	99.499	1397	6	1	1	1396	34	1430	0.0	2540	2609964
TL51	gi|2363087165|ref|NR_181838.1|	99.856	1393	1	1	1	1392	58	1450	0.0	2560	2815720
TL51	gi|2363086892|ref|NR_181703.1|	99.785	1393	2	1	1	1392	62	1454	0.0	2555	2827099
TL51	gi|699005351|ref|NR_126220.1|	99.641	1394	3	2	1	1392	41	1434	0.0	2545	1471381
TL51	gi|2363083473|ref|NR_179985.1|	99.569	1393	5	1	1	1392	55	1447	0.0	2538	2697028
TL51	gi|2363084990|ref|NR_180743.1|	99.497	1393	6	1	1	1392	36	1428	0.0	2532	2609964
TL52	gi|2363083473|ref|NR_179985.1|	99.422	1384	7	1	3	1385	53	1436	0.0	2510	2697028
TL52	gi|699005351|ref|NR_126220.1|	99.206	1385	9	2	3	1385	39	1423	0.0	2495	1471381
TL52	gi|636560839|ref|NR_116899.1|	99.133	1384	11	1	3	1385	20	1403	0.0	2488	674054
TL52	gi|2363087165|ref|NR_181838.1|	99.133	1384	11	1	3	1385	56	1439	0.0	2488	2815720
TL52	gi|2363086892|ref|NR_181703.1|	99.061	1384	12	1	3	1385	60	1443	0.0	2483	2827099
TL20	gi|631252760|ref|NR_113958.1|	99.929	1401	1	0	1	1401	36	1436	0.0	2582	203404
TL20	gi|343200269|ref|NR_040956.1|	99.929	1401	1	0	1	1401	36	1436	0.0	2582	203404
TL20	gi|343200268|ref|NR_040955.1|	99.929	1401	1	0	1	1401	36	1436	0.0	2582	1358
TL20	gi|631252762|ref|NR_113960.1|	99.929	1401	1	0	1	1401	36	1436	0.0	2582	1358
TL20	gi|636560383|ref|NR_116443.1|	99.429	1401	8	0	1	1401	57	1457	0.0	2543	542833
TL34	gi|631253025|ref|NR_114223.1|	99.496	1390	6	1	2	1390	33	1422	0.0	2529	78543
TL34	gi|2363080235|ref|NR_178342.1|	99.496	1390	6	1	2	1390	33	1422	0.0	2529	515393
TL34	gi|219857339|ref|NR_024927.1|	99.496	1390	6	1	2	1390	46	1435	0.0	2529	78543
TL34	gi|2363080483|ref|NR_178482.1|	99.353	1390	8	1	2	1390	23	1412	0.0	2518	1055469
TL34	gi|2363080481|ref|NR_178481.1|	99.281	1390	9	1	2	1390	23	1412	0.0	2512	1055468
TL29	gi|2363086627|ref|NR_181570.1|	99.282	1393	9	1	1	1392	64	1456	0.0	2516	2762577
TL29	gi|631253025|ref|NR_114223.1|	99.139	1393	11	1	1	1392	37	1429	0.0	2505	78543
TL29	gi|219857339|ref|NR_024927.1|	99.139	1393	11	1	1	1392	50	1442	0.0	2505	78543
TL29	gi|645319642|ref|NR_117022.1|	99.066	1392	12	1	1	1391	44	1435	0.0	2497	702115
TL29	gi|602270614|ref|NR_029042.2|	98.995	1393	13	1	1	1392	57	1449	0.0	2495	163011
TL58	gi|939733294|ref|NR_133021.1|	99.115	1356	11	1	1	1355	35	1390	0.0	2436	1216946
TL58	gi|959494845|ref|NR_133722.1|	98.674	1357	14	4	1	1355	11	1365	0.0	2403	1278643
TL58	gi|2221405480|ref|NR_175544.1|	97.934	1355	28	0	1	1355	59	1413	0.0	2348	2675056
TL58	gi|343203514|ref|NR_043678.1|	97.200	1357	34	4	1	1355	50	1404	0.0	2292	356305
TL58	gi|343201779|ref|NR_042505.1|	97.398	1345	35	0	11	1355	1	1345	0.0	2290	373672
TL11	gi|2363087165|ref|NR_181838.1|	99.784	1390	2	1	1	1389	58	1447	0.0	2549	2815720
TL11	gi|2363086892|ref|NR_181703.1|	99.712	1390	3	1	1	1389	62	1451	0.0	2543	2827099
TL11	gi|699005351|ref|NR_126220.1|	99.569	1391	4	2	1	1389	41	1431	0.0	2534	1471381
TL11	gi|2363083473|ref|NR_179985.1|	99.496	1390	6	1	1	1389	55	1444	0.0	2527	2697028
TL11	gi|2363084990|ref|NR_180743.1|	99.496	1389	6	1	1	1388	36	1424	0.0	2525	2609964
TL26	gi|631252760|ref|NR_113958.1|	99.856	1390	1	1	1	1389	42	1431	0.0	2555	203404
TL26	gi|343200269|ref|NR_040956.1|	99.856	1390	1	1	1	1389	42	1431	0.0	2555	203404
TL26	gi|343200268|ref|NR_040955.1|	99.856	1390	1	1	1	1389	42	1431	0.0	2555	1358
TL26	gi|631252762|ref|NR_113960.1|	99.856	1390	1	1	1	1389	42	1431	0.0	2555	1358
TL26	gi|636560383|ref|NR_116443.1|	99.424	1389	7	1	2	1389	64	1452	0.0	2519	542833
TL41	gi|2363087165|ref|NR_181838.1|	99.928	1389	1	0	1	1389	54	1442	0.0	2560	2815720
TL41	gi|2363086892|ref|NR_181703.1|	99.856	1389	2	0	1	1389	58	1446	0.0	2555	2827099
TL41	gi|699005351|ref|NR_126220.1|	99.712	1390	3	1	1	1389	37	1426	0.0	2543	1471381
TL41	gi|2363084990|ref|NR_180743.1|	99.640	1389	5	0	1	1389	32	1420	0.0	2538	2609964
TL41	gi|2363083473|ref|NR_179985.1|	99.640	1389	5	0	1	1389	51	1439	0.0	2538	2697028
TL35	gi|631252760|ref|NR_113958.1|	99.929	1402	1	0	1	1402	35	1436	0.0	2584	203404
TL35	gi|343200269|ref|NR_040956.1|	99.929	1402	1	0	1	1402	35	1436	0.0	2584	203404
TL35	gi|343200268|ref|NR_040955.1|	99.929	1402	1	0	1	1402	35	1436	0.0	2584	1358
TL35	gi|631252762|ref|NR_113960.1|	99.929	1402	1	0	1	1402	35	1436	0.0	2584	1358
TL35	gi|636560383|ref|NR_116443.1|	99.429	1402	8	0	1	1402	56	1457	0.0	2545	542833
SJ23	gi|2363083281|ref|NR_179889.1|	99.499	1396	6	1	2	1396	60	1455	0.0	2538	1785145
SJ23	gi|2363081220|ref|NR_178854.1|	99.499	1396	5	2	2	1396	33	1427	0.0	2538	1628086
SJ23	gi|219857639|ref|NR_025228.1|	99.284	1396	9	1	2	1396	29	1424	0.0	2521	198620
SJ23	gi|343198698|ref|NR_043314.1|	99.070	1398	9	4	2	1396	50	1446	0.0	2507	321662
SJ23	gi|2363087271|ref|NR_181891.1|	99.069	1397	10	3	2	1396	56	1451	0.0	2505	2890313
TL50	gi|2363087165|ref|NR_181838.1|	99.857	1395	1	1	2	1395	56	1450	0.0	2564	2815720
TL50	gi|2363086892|ref|NR_181703.1|	99.785	1395	2	1	2	1395	60	1454	0.0	2558	2827099
TL50	gi|699005351|ref|NR_126220.1|	99.642	1396	3	2	2	1395	39	1434	0.0	2549	1471381
TL50	gi|2363083473|ref|NR_179985.1|	99.570	1395	5	1	2	1395	53	1447	0.0	2542	2697028
TL50	gi|2363084990|ref|NR_180743.1|	99.498	1395	6	1	2	1395	34	1428	0.0	2536	2609964
TL09	gi|219856823|ref|NR_024642.1|	99.354	1393	8	1	2	1393	28	1420	0.0	2523	61646
TL09	gi|2463901691|ref|NR_184601.1|	99.210	1393	10	1	2	1393	57	1449	0.0	2510	2899785
TL09	gi|2363083439|ref|NR_179968.1|	99.210	1393	10	1	2	1393	57	1449	0.0	2510	2080838
TL09	gi|2363084405|ref|NR_180450.1|	99.139	1393	11	1	2	1393	57	1449	0.0	2505	2529381
TL09	gi|343206384|ref|NR_044976.1|	98.926	1396	11	4	2	1393	33	1428	0.0	2497	69220
TL10	gi|631252760|ref|NR_113958.1|	99.787	1411	1	2	1	1409	36	1446	0.0	2588	203404
TL10	gi|343200269|ref|NR_040956.1|	99.787	1411	1	2	1	1409	36	1446	0.0	2588	203404
TL10	gi|343200268|ref|NR_040955.1|	99.787	1411	1	2	1	1409	36	1446	0.0	2588	1358
TL10	gi|631252762|ref|NR_113960.1|	99.787	1411	1	2	1	1409	36	1446	0.0	2588	1358
TL10	gi|636560383|ref|NR_116443.1|	99.291	1411	8	2	1	1409	57	1467	0.0	2549	542833
TL19	gi|631252760|ref|NR_113958.1|	99.785	1398	1	2	1	1396	38	1435	0.0	2564	203404
TL19	gi|343200269|ref|NR_040956.1|	99.785	1398	1	2	1	1396	38	1435	0.0	2564	203404
TL19	gi|343200268|ref|NR_040955.1|	99.785	1398	1	2	1	1396	38	1435	0.0	2564	1358
TL19	gi|631252762|ref|NR_113960.1|	99.785	1398	1	2	1	1396	38	1435	0.0	2564	1358
TL19	gi|636560383|ref|NR_116443.1|	99.285	1398	8	2	1	1396	59	1456	0.0	2525	542833
TL33	gi|631252760|ref|NR_113958.1|	99.929	1403	1	0	2	1404	33	1435	0.0	2586	203404
TL33	gi|343200269|ref|NR_040956.1|	99.929	1403	1	0	2	1404	33	1435	0.0	2586	203404
TL33	gi|343200268|ref|NR_040955.1|	99.929	1403	1	0	2	1404	33	1435	0.0	2586	1358
TL33	gi|631252762|ref|NR_113960.1|	99.929	1403	1	0	2	1404	33	1435	0.0	2586	1358
TL33	gi|636560383|ref|NR_116443.1|	99.430	1403	8	0	2	1404	54	1456	0.0	2547	542833
TL55	gi|2363086025|ref|NR_181265.1|	98.488	1389	18	3	2	1387	60	1448	0.0	2446	2654755
TL55	gi|1811131566|ref|NR_165748.1|	98.272	1389	21	3	2	1387	60	1448	0.0	2429	2707027
TL55	gi|2363087203|ref|NR_181857.1|	98.200	1389	22	3	2	1387	91	1479	0.0	2423	2710591
TL55	gi|265678798|ref|NR_029103.1|	98.059	1391	20	7	2	1387	54	1442	0.0	2412	243924
TL55	gi|219846803|ref|NR_026395.1|	98.056	1389	24	3	2	1387	53	1441	0.0	2412	158627
HA72	gi|566085409|ref|NR_109451.1|	99.559	1362	5	1	1	1361	55	1416	0.0	2486	1108595
HA72	gi|636558896|ref|NR_114953.1|	99.559	1362	5	1	1	1361	24	1385	0.0	2486	686831
HA72	gi|631252041|ref|NR_113239.1|	98.311	1362	22	1	1	1361	35	1396	0.0	2392	536
HA72	gi|631252397|ref|NR_113595.1|	98.311	1362	22	1	1	1361	35	1396	0.0	2392	536
HA72	gi|444303800|ref|NR_074222.1|	98.311	1362	22	1	1	1361	61	1422	0.0	2392	536
HA80	gi|343201779|ref|NR_042505.1|	99.854	1369	2	0	10	1378	1	1369	0.0	2518	373672
HA80	gi|2221405480|ref|NR_175544.1|	97.533	1378	34	0	1	1378	60	1437	0.0	2357	2675056
HA80	gi|631252821|ref|NR_114019.1|	97.536	1380	30	4	1	1378	36	1413	0.0	2357	192389
HA80	gi|265678675|ref|NR_028980.1|	97.536	1380	30	4	1	1378	55	1432	0.0	2357	192389
HA80	gi|959494845|ref|NR_133722.1|	97.391	1380	32	4	1	1378	12	1389	0.0	2346	1278643
TL22	gi|2363087165|ref|NR_181838.1|	99.855	1381	1	1	1	1380	65	1445	0.0	2538	2815720
TL22	gi|2363086892|ref|NR_181703.1|	99.783	1381	2	1	1	1380	69	1449	0.0	2532	2827099
TL22	gi|699005351|ref|NR_126220.1|	99.638	1382	3	2	1	1380	48	1429	0.0	2523	1471381
TL22	gi|2363084990|ref|NR_180743.1|	99.566	1381	5	1	1	1380	43	1423	0.0	2516	2609964
TL22	gi|2363083473|ref|NR_179985.1|	99.566	1381	5	1	1	1380	62	1442	0.0	2516	2697028
TL18	gi|2363087165|ref|NR_181838.1|	99.856	1389	1	1	1	1388	61	1449	0.0	2553	2815720
TL18	gi|2363086892|ref|NR_181703.1|	99.784	1389	2	1	1	1388	65	1453	0.0	2547	2827099
TL18	gi|699005351|ref|NR_126220.1|	99.640	1390	3	2	1	1388	44	1433	0.0	2538	1471381
TL18	gi|2363083473|ref|NR_179985.1|	99.568	1389	5	1	1	1388	58	1446	0.0	2531	2697028
TL18	gi|2363084990|ref|NR_180743.1|	99.567	1386	5	1	1	1385	39	1424	0.0	2525	2609964
TL25	gi|343200268|ref|NR_040955.1|	99.854	1373	1	1	1	1372	66	1438	0.0	2523	1358
TL25	gi|631252762|ref|NR_113960.1|	99.854	1373	1	1	1	1372	66	1438	0.0	2523	1358
TL25	gi|631252760|ref|NR_113958.1|	99.782	1373	2	1	1	1372	66	1438	0.0	2518	203404
TL25	gi|343200269|ref|NR_040956.1|	99.782	1373	2	1	1	1372	66	1438	0.0	2518	203404
TL25	gi|636560383|ref|NR_116443.1|	99.708	1371	3	1	3	1372	89	1459	0.0	2508	542833
TL63	gi|2363087165|ref|NR_181838.1|	99.785	1393	1	2	1	1391	54	1446	0.0	2555	2815720
TL63	gi|2363086892|ref|NR_181703.1|	99.713	1393	2	2	1	1391	58	1450	0.0	2549	2827099
TL63	gi|699005351|ref|NR_126220.1|	99.570	1394	3	3	1	1391	37	1430	0.0	2538	1471381
TL63	gi|2363084990|ref|NR_180743.1|	99.497	1393	5	2	1	1391	32	1424	0.0	2532	2609964
TL63	gi|2363083473|ref|NR_179985.1|	99.497	1393	5	2	1	1391	51	1443	0.0	2532	2697028
HA81	gi|2363083281|ref|NR_179889.1|	99.570	1395	5	1	3	1396	60	1454	0.0	2542	1785145
HA81	gi|2363081220|ref|NR_178854.1|	99.570	1395	4	2	3	1396	33	1426	0.0	2542	1628086
HA81	gi|219857639|ref|NR_025228.1|	99.355	1395	8	1	3	1396	29	1423	0.0	2525	198620
HA81	gi|343198698|ref|NR_043314.1|	99.141	1397	8	4	3	1396	50	1445	0.0	2510	321662
HA81	gi|2363087271|ref|NR_181891.1|	99.140	1396	9	3	3	1396	56	1450	0.0	2508	2890313
TL30	gi|2363083473|ref|NR_179985.1|	99.428	1399	7	1	2	1399	53	1451	0.0	2538	2697028
TL30	gi|699005351|ref|NR_126220.1|	99.214	1400	9	2	2	1399	39	1438	0.0	2523	1471381
TL30	gi|636560839|ref|NR_116899.1|	99.142	1399	11	1	2	1399	20	1418	0.0	2516	674054
TL30	gi|2363087165|ref|NR_181838.1|	99.142	1399	11	1	2	1399	56	1454	0.0	2516	2815720
TL30	gi|2363086892|ref|NR_181703.1|	99.071	1399	12	1	2	1399	60	1458	0.0	2510	2827099
TL23	gi|343201725|ref|NR_042451.1|	99.928	1395	0	1	2	1395	33	1427	0.0	2569	592361
TL23	gi|2962412325|ref|NR_199520.1|	99.711	1385	3	1	2	1385	26	1410	0.0	2534	3101751
TL23	gi|2363084023|ref|NR_180260.1|	99.350	1385	8	1	2	1385	53	1437	0.0	2507	2448482
TL23	gi|343202321|ref|NR_042607.1|	99.278	1385	9	1	2	1385	33	1417	0.0	2501	425504
TL23	gi|343199104|ref|NR_044569.1|	98.351	1395	22	1	2	1395	52	1446	0.0	2447	543360
TL24	gi|631252760|ref|NR_113958.1|	99.857	1400	1	1	2	1400	33	1432	0.0	2573	203404
TL24	gi|343200269|ref|NR_040956.1|	99.857	1400	1	1	2	1400	33	1432	0.0	2573	203404
TL24	gi|343200268|ref|NR_040955.1|	99.857	1400	1	1	2	1400	33	1432	0.0	2573	1358
TL24	gi|631252762|ref|NR_113960.1|	99.857	1400	1	1	2	1400	33	1432	0.0	2573	1358
TL24	gi|636560383|ref|NR_116443.1|	99.357	1400	8	1	2	1400	54	1453	0.0	2534	542833
TL39	gi|631252760|ref|NR_113958.1|	99.858	1405	1	1	1	1404	31	1435	0.0	2582	203404
TL39	gi|343200269|ref|NR_040956.1|	99.858	1405	1	1	1	1404	31	1435	0.0	2582	203404
TL39	gi|343200268|ref|NR_040955.1|	99.858	1405	1	1	1	1404	31	1435	0.0	2582	1358
TL39	gi|631252762|ref|NR_113960.1|	99.858	1405	1	1	1	1404	31	1435	0.0	2582	1358
TL39	gi|636560383|ref|NR_116443.1|	99.359	1405	8	1	1	1404	52	1456	0.0	2543	542833
TL42	gi|2363083473|ref|NR_179985.1|	99.424	1390	7	1	3	1391	53	1442	0.0	2521	2697028
TL42	gi|699005351|ref|NR_126220.1|	99.209	1391	9	2	3	1391	39	1429	0.0	2507	1471381
TL42	gi|636560839|ref|NR_116899.1|	99.137	1390	11	1	3	1391	20	1409	0.0	2499	674054
TL42	gi|2363087165|ref|NR_181838.1|	99.137	1390	11	1	3	1391	56	1445	0.0	2499	2815720
TL42	gi|2363086892|ref|NR_181703.1|	99.065	1390	12	1	3	1391	60	1449	0.0	2494	2827099
TL65	gi|2363087165|ref|NR_181838.1|	99.856	1386	1	1	1	1385	58	1443	0.0	2547	2815720
TL65	gi|2363086892|ref|NR_181703.1|	99.784	1386	2	1	1	1385	62	1447	0.0	2542	2827099
TL65	gi|699005351|ref|NR_126220.1|	99.640	1387	3	2	1	1385	41	1427	0.0	2532	1471381
TL65	gi|2363084990|ref|NR_180743.1|	99.567	1386	5	1	1	1385	36	1421	0.0	2525	2609964
TL65	gi|2363083473|ref|NR_179985.1|	99.567	1386	5	1	1	1385	55	1440	0.0	2525	2697028
HA82	gi|1230874684|ref|NR_148845.1|	99.928	1394	0	1	1	1393	34	1427	0.0	2567	1776740
HA82	gi|645320412|ref|NR_117623.1|	98.853	1395	13	3	1	1393	54	1447	0.0	2484	40215
HA82	gi|219846616|ref|NR_026208.1|	98.853	1395	13	3	1	1393	30	1423	0.0	2484	40215
HA82	gi|1230874686|ref|NR_148847.1|	98.426	1398	11	10	1	1392	34	1426	0.0	2449	1776742
HA82	gi|1230874682|ref|NR_148843.1|	98.354	1397	14	7	1	1392	34	1426	0.0	2444	280147
TL31	gi|2363087165|ref|NR_181838.1|	99.857	1394	1	1	1	1393	59	1452	0.0	2562	2815720
TL31	gi|2363086892|ref|NR_181703.1|	99.785	1394	2	1	1	1393	63	1456	0.0	2556	2827099
TL31	gi|699005351|ref|NR_126220.1|	99.642	1395	3	2	1	1393	42	1436	0.0	2547	1471381
TL31	gi|2363083473|ref|NR_179985.1|	99.570	1394	5	1	1	1393	56	1449	0.0	2540	2697028
TL31	gi|2363084990|ref|NR_180743.1|	99.498	1394	6	1	1	1393	37	1430	0.0	2534	2609964
TL32	gi|631252760|ref|NR_113958.1|	99.857	1403	1	1	2	1403	33	1435	0.0	2579	203404
TL32	gi|343200269|ref|NR_040956.1|	99.857	1403	1	1	2	1403	33	1435	0.0	2579	203404
TL32	gi|343200268|ref|NR_040955.1|	99.857	1403	1	1	2	1403	33	1435	0.0	2579	1358
TL32	gi|631252762|ref|NR_113960.1|	99.857	1403	1	1	2	1403	33	1435	0.0	2579	1358
TL32	gi|636560383|ref|NR_116443.1|	99.359	1403	8	1	2	1403	54	1456	0.0	2540	542833
TL47	gi|343201725|ref|NR_042451.1|	99.928	1395	0	1	1	1394	35	1429	0.0	2569	592361
TL47	gi|2962412325|ref|NR_199520.1|	99.711	1383	3	1	1	1382	28	1410	0.0	2531	3101751
TL47	gi|2363084023|ref|NR_180260.1|	99.349	1383	8	1	1	1382	55	1437	0.0	2503	2448482
TL47	gi|343202321|ref|NR_042607.1|	99.277	1383	9	1	1	1382	35	1417	0.0	2497	425504
TL47	gi|343199104|ref|NR_044569.1|	98.351	1395	22	1	1	1394	54	1448	0.0	2447	543360
TL54	gi|343201725|ref|NR_042451.1|	99.928	1393	0	1	2	1393	33	1425	0.0	2566	592361
TL54	gi|2962412325|ref|NR_199520.1|	99.711	1385	3	1	2	1385	26	1410	0.0	2534	3101751
TL54	gi|2363084023|ref|NR_180260.1|	99.350	1385	8	1	2	1385	53	1437	0.0	2507	2448482
TL54	gi|343202321|ref|NR_042607.1|	99.278	1385	9	1	2	1385	33	1417	0.0	2501	425504
TL54	gi|343199104|ref|NR_044569.1|	98.349	1393	22	1	2	1393	52	1444	0.0	2444	543360
TL37	gi|631253025|ref|NR_114223.1|	99.571	1397	5	1	2	1397	33	1429	0.0	2545	78543
TL37	gi|2363080235|ref|NR_178342.1|	99.571	1397	5	1	2	1397	33	1429	0.0	2545	515393
TL37	gi|219857339|ref|NR_024927.1|	99.571	1397	5	1	2	1397	46	1442	0.0	2545	78543
TL37	gi|2363080483|ref|NR_178482.1|	99.427	1397	7	1	2	1397	23	1419	0.0	2534	1055469
TL37	gi|2363080481|ref|NR_178481.1|	99.356	1397	8	1	2	1397	23	1419	0.0	2529	1055468
TL38	gi|219846454|ref|NR_026045.1|	98.855	1397	15	1	1	1396	14	1410	0.0	2492	553
TL38	gi|343201252|ref|NR_041978.1|	98.855	1397	13	3	3	1396	21	1417	0.0	2490	549
TL38	gi|636559201|ref|NR_115258.1|	98.785	1399	13	4	1	1396	56	1453	0.0	2488	574096
TL38	gi|645322667|ref|NR_119362.1|	98.712	1397	17	1	1	1396	36	1432	0.0	2484	553
TL38	gi|559795350|ref|NR_104943.1|	98.782	1396	14	3	4	1396	1	1396	0.0	2483	221276
TL46	gi|631252760|ref|NR_113958.1|	99.858	1408	1	1	1	1407	34	1441	0.0	2588	203404
TL46	gi|343200269|ref|NR_040956.1|	99.858	1408	1	1	1	1407	34	1441	0.0	2588	203404
TL46	gi|343200268|ref|NR_040955.1|	99.858	1408	1	1	1	1407	34	1441	0.0	2588	1358
TL46	gi|631252762|ref|NR_113960.1|	99.858	1408	1	1	1	1407	34	1441	0.0	2588	1358
TL46	gi|636560383|ref|NR_116443.1|	99.361	1408	8	1	1	1407	55	1462	0.0	2549	542833
TL61	gi|343201725|ref|NR_042451.1|	100.000	1346	0	0	1	1346	58	1403	0.0	2486	592361
TL61	gi|2962412325|ref|NR_199520.1|	99.777	1346	3	0	1	1346	51	1396	0.0	2470	3101751
TL61	gi|2363084023|ref|NR_180260.1|	99.406	1346	8	0	1	1346	78	1423	0.0	2442	2448482
TL61	gi|343202321|ref|NR_042607.1|	99.331	1346	9	0	1	1346	58	1403	0.0	2436	425504
TL61	gi|343199104|ref|NR_044569.1|	98.514	1346	20	0	1	1346	77	1422	0.0	2375	543360
TL62	gi|631252760|ref|NR_113958.1|	99.857	1401	1	1	1	1400	35	1435	0.0	2575	203404
TL62	gi|343200269|ref|NR_040956.1|	99.857	1401	1	1	1	1400	35	1435	0.0	2575	203404
TL62	gi|343200268|ref|NR_040955.1|	99.857	1401	1	1	1	1400	35	1435	0.0	2575	1358
TL62	gi|631252762|ref|NR_113960.1|	99.857	1401	1	1	1	1400	35	1435	0.0	2575	1358
TL62	gi|636560383|ref|NR_116443.1|	99.358	1401	8	1	1	1400	56	1456	0.0	2536	542833
TL64	gi|645320413|ref|NR_117624.1|	99.854	1373	2	0	2	1374	53	1425	0.0	2525	40214
TL64	gi|645322343|ref|NR_119114.1|	99.490	1373	7	0	2	1374	29	1401	0.0	2505	40214
TL64	gi|1776910894|ref|NR_164627.1|	99.563	1373	6	0	2	1374	35	1407	0.0	2503	40214
TL64	gi|2363083513|ref|NR_180005.1|	99.563	1373	6	0	2	1374	53	1425	0.0	2503	742719
TL64	gi|343206383|ref|NR_044975.1|	99.417	1373	8	0	2	1374	43	1415	0.0	2495	40214
SJ20	gi|636560748|ref|NR_116808.1|	99.004	1406	10	4	1	1405	36	1438	0.0	2516	649197
SJ20	gi|631252958|ref|NR_114156.1|	98.720	1406	15	3	1	1405	32	1435	0.0	2501	47917
SJ20	gi|636558520|ref|NR_114577.1|	98.721	1407	13	4	1	1405	12	1415	0.0	2494	47917
SJ20	gi|219878200|ref|NR_025339.1|	98.578	1406	17	3	1	1405	36	1439	0.0	2483	47917
SJ20	gi|219878201|ref|NR_025340.1|	98.364	1406	22	1	1	1405	36	1441	0.0	2468	82995
TL44	gi|2363087165|ref|NR_181838.1|	99.857	1395	1	1	1	1394	56	1450	0.0	2564	2815720
TL44	gi|2363086892|ref|NR_181703.1|	99.785	1395	2	1	1	1394	60	1454	0.0	2558	2827099
TL44	gi|699005351|ref|NR_126220.1|	99.642	1396	3	2	1	1394	39	1434	0.0	2549	1471381
TL44	gi|2363083473|ref|NR_179985.1|	99.570	1395	5	1	1	1394	53	1447	0.0	2542	2697028
TL44	gi|2363084990|ref|NR_180743.1|	99.498	1395	6	1	1	1394	34	1428	0.0	2536	2609964
TL45	gi|631252760|ref|NR_113958.1|	99.857	1400	1	1	1	1399	36	1435	0.0	2573	203404
TL45	gi|343200269|ref|NR_040956.1|	99.857	1400	1	1	1	1399	36	1435	0.0	2573	203404
TL45	gi|343200268|ref|NR_040955.1|	99.857	1400	1	1	1	1399	36	1435	0.0	2573	1358
TL45	gi|631252762|ref|NR_113960.1|	99.857	1400	1	1	1	1399	36	1435	0.0	2573	1358
TL45	gi|636560383|ref|NR_116443.1|	99.357	1400	8	1	1	1399	57	1456	0.0	2534	542833
TL53	gi|631252760|ref|NR_113958.1|	99.857	1402	1	1	1	1401	34	1435	0.0	2577	203404
TL53	gi|343200269|ref|NR_040956.1|	99.857	1402	1	1	1	1401	34	1435	0.0	2577	203404
TL53	gi|343200268|ref|NR_040955.1|	99.857	1402	1	1	1	1401	34	1435	0.0	2577	1358
TL53	gi|631252762|ref|NR_113960.1|	99.857	1402	1	1	1	1401	34	1435	0.0	2577	1358
TL53	gi|636560383|ref|NR_116443.1|	99.358	1402	8	1	1	1401	55	1456	0.0	2538	542833
TL12	gi|631252760|ref|NR_113958.1|	99.786	1401	3	0	1	1401	35	1435	0.0	2571	203404
TL12	gi|343200269|ref|NR_040956.1|	99.786	1401	3	0	1	1401	35	1435	0.0	2571	203404
TL12	gi|343200268|ref|NR_040955.1|	99.786	1401	3	0	1	1401	35	1435	0.0	2571	1358
TL12	gi|631252762|ref|NR_113960.1|	99.786	1401	3	0	1	1401	35	1435	0.0	2571	1358
TL12	gi|636560383|ref|NR_116443.1|	99.286	1401	10	0	1	1401	56	1456	0.0	2532	542833
TL14	gi|2363087165|ref|NR_181838.1|	99.927	1374	1	0	1	1374	71	1444	0.0	2532	2815720
TL14	gi|2363086892|ref|NR_181703.1|	99.854	1374	2	0	1	1374	75	1448	0.0	2527	2827099
TL14	gi|699005351|ref|NR_126220.1|	99.709	1375	3	1	1	1374	54	1428	0.0	2516	1471381
TL14	gi|2363084990|ref|NR_180743.1|	99.709	1374	4	0	1	1374	49	1422	0.0	2516	2609964
TL14	gi|2363083473|ref|NR_179985.1|	99.636	1374	5	0	1	1374	68	1441	0.0	2510	2697028
