seq_id,batch,sample_key,strain_id,bacteria_plate_well,location,google_drive_id,assembly_type,consensus_length,fwd_trimmed_length,rev_trimmed_length,overlap_length,overlap_mismatches,fwd_rev_overlap_identity,alignment_score,silva_identity,silva_quality,silva_score,domain,phylum,class,order,family,genus,gtdb_genus,gtdb_species,n_seq_runs,is_representative,order_disagreement,family_disagreement,strain_has_disagreement
HA01_20250605_25FALAA000,20250605_25FALAA000,HA01,HA01,A01,Haunisten Allas,HA_A1,consensus,1402,1407,1413,1111,52,95.3,1662,99.3581,98,0.987134,Bacteria,Pseudomonadota,Gammaproteobacteria,Neisseriales,Chromobacteriaceae,Chromobacterium,NA,NA,3,TRUE,TRUE,TRUE,TRUE
HA02_20250605_25FALAA000,20250605_25FALAA000,HA02,HA02,A02,Haunisten Allas,HA_A2,consensus,1416,1493,1457,1079,46,95.7,1727,98.3063,96,0.962105,Bacteria,Pseudomonadota,Gammaproteobacteria,Pseudomonadales,Pseudomonadaceae,Pseudomonas,NA,NA,2,TRUE,TRUE,TRUE,TRUE
HA02_big,20260921_EC00248049,HA02_big,HA02_big,A02,Haunisten Allas,HA_A02,consensus,1421,682,1108,368,7,98.1,656,99.4418,98,0.987425,Bacteria,Pseudomonadota,Gammaproteobacteria,Pseudomonadales,Pseudomonadaceae,Pseudomonas,NA,NA,1,TRUE,FALSE,FALSE,FALSE
HA02_small,20260921_EC00248049,HA02_small,HA02_small,A02,Haunisten Allas,HA_A02,consensus,1424,806,1096,478,8,98.3,851,99.1249,98,0.984049,Bacteria,Pseudomonadota,Gammaproteobacteria,Pseudomonadales,Pseudomonadaceae,Pseudomonas,NA,NA,1,TRUE,FALSE,FALSE,FALSE
HA03_20250605_25FALAA000,20250605_25FALAA000,HA03,HA03,A03,Haunisten Allas,HA_A3,consensus,1380,1112,1091,821,13,98.4,1400,99.4203,98,0.985358,Bacteria,Pseudomonadota,Gammaproteobacteria,Aeromonadales,Aeromonadaceae,Aeromonas,NA,NA,3,TRUE,TRUE,TRUE,TRUE
HA04,20250605_25FALAA000,HA04,HA04,A04,Haunisten Allas,HA_A4,consensus,1410,1444,1428,1172,64,94.5,1769,99.212,97,0.97612,Bacteria,Pseudomonadota,Gammaproteobacteria,Aeromonadales,Aeromonadaceae,Aeromonas,NA,NA,1,TRUE,FALSE,FALSE,FALSE
HA05_20250508_24CCKAA,20250508_24CCKAA,HA05,HA05,A05,Haunisten Allas,HA_A05,consensus,1425,892,992,458,8,98.3,851,98.8803,98,0.983257,Bacteria,Pseudomonadota,Gammaproteobacteria,Neisseriales,Chromobacteriaceae,Chromobacterium,NA,NA,2,TRUE,FALSE,FALSE,FALSE
HA06_20250605_25FALAA000,20250605_25FALAA000,HA06,HA06,A06,Haunisten Allas,HA_A6,consensus,1370,1156,1375,939,26,97.2,1588,99.1254,98,0.983587,Bacteria,Pseudomonadota,Gammaproteobacteria,Neisseriales,Chromobacteriaceae,Chromobacterium,NA,NA,2,TRUE,FALSE,FALSE,FALSE
HA07,20250605_25FALAA000,HA07,HA07,A07,Haunisten Allas,HA_A7,consensus,1377,1410,1395,1033,35,96.6,1554,99.3953,98,0.986729,Bacteria,Pseudomonadota,Gammaproteobacteria,Aeromonadales,Aeromonadaceae,Aeromonas,NA,NA,1,TRUE,FALSE,FALSE,FALSE
HA08_20250605_25FALAA000,20250605_25FALAA000,HA08,HA08,A08,Haunisten Allas,HA_A8,consensus,1318,1335,1368,1131,40,96.5,1574,99.3171,98,0.982426,Bacteria,Bacteroidota,Flavobacteriia,Flavobacteriales,Weeksellaceae,Chryseobacterium,Chryseobacterium,Chryseobacterium indicum,3,TRUE,TRUE,TRUE,TRUE
HA10_20250905_2657LAA000,20250905_2657LAA000,HA10,HA10,A12,Haunisten Allas,HA_A12,consensus,1431,1436,1466,1086,26,97.6,1858,99.6516,99,0.993483,Bacteria,Pseudomonadota,Gammaproteobacteria,Aeromonadales,Aeromonadaceae,Aeromonas,NA,NA,3,TRUE,TRUE,TRUE,TRUE
HA11,20250605_25FALAA000,HA11,HA11,B01,Haunisten Allas,HA_B1,consensus,1406,1166,1400,994,25,97.5,1634,99.005,98,0.98299,Bacteria,Pseudomonadota,Gammaproteobacteria,Neisseriales,Chromobacteriaceae,Chromobacterium,NA,NA,1,TRUE,FALSE,FALSE,FALSE
HA12_20250605_25FALAA000,20250605_25FALAA000,HA12,HA12,B02,Haunisten Allas,HA_B2,consensus,1388,1410,1409,1022,33,96.8,1591,99.2795,98,0.9856,Bacteria,Pseudomonadota,Gammaproteobacteria,Pseudomonadales,Pseudomonadaceae,Pseudomonas,NA,NA,2,TRUE,FALSE,FALSE,FALSE
HA12_orange,20260921_EC00248049,HA12_orange,HA12_orange,B02,Haunisten Allas,HA_B02,consensus,1452,1133,1131,804,29,96.4,1351,97.6761,94,0.949369,Bacteria,Pseudomonadota,Gammaproteobacteria,Aeromonadales,Aeromonadaceae,Aeromonas,NA,NA,1,TRUE,FALSE,FALSE,FALSE
HA12_yellow,20260921_EC00248049,HA12_yellow,HA12_yellow,B02,Haunisten Allas,HA_B02,consensus,1439,1000,1133,686,26,96.2,1147,98.874,97,0.973145,Bacteria,Pseudomonadota,Gammaproteobacteria,Pseudomonadales,Pseudomonadaceae,Pseudomonas,NA,NA,1,TRUE,FALSE,FALSE,FALSE
HA13,20250605_25FALAA000,HA13,HA13,B03,Haunisten Allas,HA_B3,consensus,1426,1428,1457,1069,29,97.3,1815,99.3622,98,0.98165500000000006,Bacteria,Pseudomonadota,Gammaproteobacteria,Aeromonadales,Aeromonadaceae,Aeromonas,NA,NA,1,TRUE,FALSE,FALSE,FALSE
HA14_20250605_25FALAA000,20250605_25FALAA000,HA14,HA14,B04,Haunisten Allas,HA_B4,consensus,1401,1458,1424,1145,67,94.1,1662,99.0728,98,0.983366,Bacteria,Pseudomonadota,Gammaproteobacteria,Enterobacterales,Enterobacteriaceae,Yersinia,NA,NA,3,TRUE,TRUE,TRUE,TRUE
HA15_20260921_EC00248041,20260921_EC00248041,HA15,HA15,B05,Haunisten Allas,HA_B05,consensus,1464,1127,1062,699,21,97,1078,96.256,91,0.919676,Bacteria,Pseudomonadota,Gammaproteobacteria,Neisseriales,Chromobacteriaceae,Chromobacterium,NA,NA,2,TRUE,FALSE,FALSE,FALSE
HA16_20250605_25FALAA000,20250605_25FALAA000,HA16,HA16,B06,Haunisten Allas,HA_B6,consensus,1414,1432,1438,1084,36,96.7,1792,99.7108,98,0.989405,Bacteria,Pseudomonadota,Gammaproteobacteria,Burkholderiales,Comamonadaceae,Delftia,NA,NA,2,TRUE,FALSE,FALSE,FALSE
HA17_20250905_2657LAA000,20250905_2657LAA000,HA17,HA17,B07,Haunisten Allas,HA_B07,consensus,1425,1422,1410,1151,27,97.7,1893,99.424,99,0.991711,Bacteria,Pseudomonadota,Gammaproteobacteria,Pseudomonadales,Pseudomonadaceae,NA,NA,NA,3,TRUE,TRUE,TRUE,TRUE
HA18_20250905_2657LAA000,20250905_2657LAA000,HA18,HA18,B08,Haunisten Allas,HA_B08,consensus,1435,1174,1139,872,21,97.6,1564,99.5784,99,0.991084,Bacteria,Pseudomonadota,Gammaproteobacteria,Aeromonadales,Aeromonadaceae,Aeromonas,NA,NA,3,TRUE,TRUE,TRUE,TRUE
HA20,20250605_25FALAA000,HA20,HA20,B12,Haunisten Allas,HA_B12,singleton_R,354,0,354,0,0,0,0,94.0678,95,0.959813,Bacteria,Pseudomonadota,Gammaproteobacteria,Burkholderiales,Comamonadaceae,Polaromonas,NA,NA,1,TRUE,FALSE,FALSE,FALSE
HA21_20250605_25FALAA000,20250605_25FALAA000,HA21,HA21,C01,Haunisten Allas,HA_C1,consensus,1425,1123,1419,943,26,97.2,1535,99.1591,98,0.981398,Bacteria,Pseudomonadota,Gammaproteobacteria,Aeromonadales,Aeromonadaceae,Aeromonas,NA,NA,2,TRUE,TRUE,TRUE,TRUE
HA21A,20260529_EC00233196,HA21A,HA21A,C01,Haunisten Allas,HA_C01,consensus,1430,1096,1050,716,6,99.2,1322,97.9819,96,0.964137,Bacteria,Pseudomonadota,Gammaproteobacteria,Neisseriales,Chromobacteriaceae,Chromobacterium,NA,NA,1,TRUE,FALSE,FALSE,FALSE
HA21B,20260529_EC00233196,HA21B,HA21B,C01,Haunisten Allas,HA_C01,consensus,1419,1034,1093,705,15,97.9,1176,98.2797,95,0.956326,Bacteria,Pseudomonadota,Gammaproteobacteria,Aeromonadales,Aeromonadaceae,Aeromonas,NA,NA,1,TRUE,FALSE,FALSE,FALSE
HA22,20250605_25FALAA000,HA22,HA22,C02,Haunisten Allas,HA_C2,consensus,1405,1389,1418,1008,36,96.4,1507,99.074700000000007,97,0.978734,Bacteria,Pseudomonadota,Gammaproteobacteria,Burkholderiales,Oxalobacteraceae,Herbaspirillum,NA,NA,1,TRUE,FALSE,FALSE,FALSE
HA23,20250605_25FALAA000,HA23,HA23,C04,Haunisten Allas,HA_C4,consensus,1377,1361,1392,1028,51,95,1454,99.419,98,0.988246,Bacteria,Pseudomonadota,Gammaproteobacteria,Aeromonadales,Aeromonadaceae,Aeromonas,NA,NA,1,TRUE,FALSE,FALSE,FALSE
HA24_20260921_EC00248041,20260921_EC00248041,HA24,HA24,C05,Haunisten Allas,HA_C05,consensus,1443,1103,682,342,15,95.6,479,97.7305,94,0.948808,Bacteria,Pseudomonadota,Gammaproteobacteria,Pseudomonadales,Pseudomonadaceae,NA,NA,NA,2,TRUE,FALSE,FALSE,FALSE
HA25_20250605_25FALAA000,20250605_25FALAA000,HA25,HA25,C06,Haunisten Allas,HA_C6,consensus,1440,1434,1447,1038,34,96.7,1643,98.1026,97,0.975,Bacteria,Bacillota,Bacilli,Exiguobacteriales,Exiguobacteriaceae,Exiguobacterium,NA,NA,4,TRUE,TRUE,TRUE,TRUE
HA26_20250508_24CCKAA,20250508_24CCKAA,HA26,HA26,C07,Haunisten Allas,HA_C07,consensus,1395,859,1005,463,9,98.1,851,99.0179,97,0.979069,Bacteria,Pseudomonadota,Gammaproteobacteria,Pseudomonadales,Pseudomonadaceae,Pseudomonas,NA,NA,2,TRUE,FALSE,FALSE,FALSE
HA27_20250605_25FALAA000,20250605_25FALAA000,HA27,HA27,C08,Haunisten Allas,HA_C8,consensus,1252,1305,1359,1004,36,96.4,1544,98.9625,98,0.982552,Bacteria,Pseudomonadota,Gammaproteobacteria,Burkholderiales,Oxalobacteraceae,NA,NA,NA,2,TRUE,FALSE,FALSE,FALSE
HA28,20250605_25FALAA000,HA28,HA28,C09,Haunisten Allas,HA_C9,consensus,1324,1128,1358,1033,33,96.8,1573,98.4234,97,0.977823,Bacteria,Bacteroidota,Flavobacteriia,Flavobacteriales,Weeksellaceae,Chryseobacterium,Chryseobacterium,Chryseobacterium indicum,1,TRUE,FALSE,FALSE,FALSE
HA29_20250605_25FALAA000,20250605_25FALAA000,HA29,HA29,C10,Haunisten Allas,HA_C10,consensus,1368,1406,1408,1230,61,95,1838,95.7401,97,0.97781,Bacteria,Deinococcota,Deinococci,Deinococcales,Deinococcaceae,Deinococcus,Deinococcus,Deinococcus depolymerans,3,TRUE,FALSE,FALSE,FALSE
HA30,20250605_25FALAA000,HA30,HA30,C11,Haunisten Allas,HA_C11,consensus,1414,1414,1458,1054,37,96.5,1670,99.1525,98,0.986615,Bacteria,Pseudomonadota,Gammaproteobacteria,Pseudomonadales,Pseudomonadaceae,Pseudomonas,NA,NA,1,TRUE,FALSE,FALSE,FALSE
HA31_20260921_EC00248041,20260921_EC00248041,HA31,HA31,D01,Haunisten Allas,HA_D01,consensus,1459,1174,885,588,27,95.4,835,95.4887,92,0.921091,Bacteria,Pseudomonadota,Gammaproteobacteria,Neisseriales,Chromobacteriaceae,Aquitalea,NA,NA,3,TRUE,FALSE,TRUE,TRUE
HA32_20250605_25FALAA000,20250605_25FALAA000,HA32,HA32,D07,Haunisten Allas,HA_D7,consensus,1391,1471,1417,1175,82,93,1694,97.1326,95,0.954732,Bacteria,Pseudomonadota,Gammaproteobacteria,Neisseriales,Chromobacteriaceae,Aquitalea,NA,NA,2,TRUE,FALSE,FALSE,FALSE
HA33,20250605_25FALAA000,HA33,HA33,D08,Haunisten Allas,HA_D8,consensus,1248,1338,1310,1105,35,96.8,1682,99.04,98,0.980283,Bacteria,Bacteroidota,Flavobacteriia,Flavobacteriales,Weeksellaceae,Chryseobacterium,Chryseobacterium,Chryseobacterium indicum,1,TRUE,FALSE,FALSE,FALSE
HA34,20250605_25FALAA000,HA34,HA34,D10,Haunisten Allas,HA_D10,consensus,1314,1331,1379,1099,53,95.2,1655,95.9153,97,0.973697,Bacteria,Deinococcota,Deinococci,Deinococcales,Deinococcaceae,Deinococcus,Deinococcus,Deinococcus depolymerans,1,TRUE,FALSE,FALSE,FALSE
HA35,20250605_25FALAA000,HA35,HA35,D12,Haunisten Allas,HA_D12,consensus,1367,1355,1404,1076,34,96.8,1633,98.9043,99,0.991759,Bacteria,Pseudomonadota,Gammaproteobacteria,Neisseriales,Chromobacteriaceae,Aquitalea,NA,NA,1,TRUE,FALSE,FALSE,FALSE
HA36_20250605_25FALAA000,20250605_25FALAA000,HA36,HA36,E01,Haunisten Allas,HA_E1,consensus,1334,1140,1336,969,23,97.6,1545,97.3625,94,0.941879,Bacteria,Pseudomonadota,Gammaproteobacteria,Pseudomonadales,Pseudomonadaceae,Pseudomonas,NA,NA,2,TRUE,FALSE,FALSE,FALSE
HA37,20250605_25FALAA000,HA37,HA37,E02,Haunisten Allas,HA_E2,consensus,1420,1469,1450,1136,66,94.2,1714,98.1026,98,0.981249,Bacteria,Bacillota,Bacilli,Exiguobacteriales,Exiguobacteriaceae,Exiguobacterium,NA,NA,1,TRUE,FALSE,FALSE,FALSE
HA38_20260921_EC00248041,20260921_EC00248041,HA38,HA38,E04,Haunisten Allas,HA_E04,consensus,1435,1085,671,319,29,90.9,345,97.4945,95,0.956972,Bacteria,Pseudomonadota,Gammaproteobacteria,Neisseriales,Aquaspirillaceae,Microvirgula,NA,NA,3,TRUE,TRUE,TRUE,TRUE
HA39,20250605_25FALAA000,HA39,HA39,E05,Haunisten Allas,HA_E5,consensus,1400,1381,1416,1051,37,96.5,1577,99.2834,98,0.985326,Bacteria,Pseudomonadota,Gammaproteobacteria,Pseudomonadales,Pseudomonadaceae,Pseudomonas,NA,NA,1,TRUE,FALSE,FALSE,FALSE
HA40_20250605_25FALAA000,20250605_25FALAA000,HA40,HA40,E06,Haunisten Allas,HA_E6,consensus,1409,1420,1392,1141,38,96.7,1734,98.638,97,0.97483,Bacteria,Pseudomonadota,Gammaproteobacteria,Aeromonadales,Aeromonadaceae,Aeromonas,Aeromonas,Aeromonas finlandensis,2,TRUE,FALSE,FALSE,FALSE
HA41,20250605_25FALAA000,HA41,HA41,E08,Haunisten Allas,HA_E8,consensus,1377,1372,1376,1030,29,97.2,1570,99.8548,99,0.997087,Bacteria,Pseudomonadota,Gammaproteobacteria,Aeromonadales,Aeromonadaceae,Aeromonas,NA,NA,1,TRUE,FALSE,FALSE,FALSE
HA42_20250605_25FALAA000,20250605_25FALAA000,HA42,HA42,E09,Haunisten Allas,HA_E9,consensus,1312,1322,1382,1087,35,96.8,1645,96.6667,98,0.989919,Bacteria,Deinococcota,Deinococci,Deinococcales,Deinococcaceae,Deinococcus,Deinococcus,Deinococcus depolymerans,4,TRUE,TRUE,TRUE,TRUE
HA43,20250605_25FALAA000,HA43,HA43,E10,Haunisten Allas,HA_E10,consensus,1297,795,1347,596,27,95.5,941,95.4338,97,0.970381,Bacteria,Deinococcota,Deinococci,Deinococcales,Deinococcaceae,Deinococcus,Deinococcus,Deinococcus depolymerans,1,TRUE,FALSE,FALSE,FALSE
HA44_20250605_25FALAA000,20250605_25FALAA000,HA44,HA44,F01,Haunisten Allas,HA_F1,consensus,1341,1176,1093,928,10,98.9,1717,97.392,95,0.956782,Bacteria,Pseudomonadota,Gammaproteobacteria,Enterobacterales,Enterobacteriaceae,Erwinia,NA,NA,3,TRUE,TRUE,TRUE,TRUE
HA45,20250605_25FALAA000,HA45,HA45,F02,Haunisten Allas,HA_F2,consensus,1284,1348,1314,1014,29,97.1,1520,98.8345,97,0.978869,Bacteria,Bacteroidota,Flavobacteriia,Flavobacteriales,Weeksellaceae,Chryseobacterium,Chryseobacterium,Chryseobacterium indicum,1,TRUE,FALSE,FALSE,FALSE
HA46_20250605_25FALAA000,20250605_25FALAA000,HA46,HA46,F03,Haunisten Allas,HA_F3,consensus,1422,1416,1455,995,28,97.2,1643,98.5159,98,0.98291,Bacteria,Pseudomonadota,Gammaproteobacteria,Neisseriales,Chromobacteriaceae,Aquitalea,NA,NA,2,TRUE,FALSE,FALSE,FALSE
HA47,20250605_25FALAA000,HA47,HA47,F04,Haunisten Allas,HA_F4,consensus,1371,1373,1419,1065,35,96.7,1652,99.0518,98,0.984659,Bacteria,Pseudomonadota,Gammaproteobacteria,Neisseriales,Chromobacteriaceae,Chromobacterium,NA,NA,1,TRUE,FALSE,FALSE,FALSE
HA48_20250605_25FALAA000,20250605_25FALAA000,HA48,HA48,F05,Haunisten Allas,HA_F5,consensus,1373,1368,1406,1068,39,96.3,1632,99.6221,99,0.99598,Bacteria,Pseudomonadota,Gammaproteobacteria,Aeromonadales,Aeromonadaceae,Aeromonas,NA,NA,2,TRUE,FALSE,FALSE,FALSE
HA49_20260921_EC00248041,20260921_EC00248041,HA49,HA49,F06,Haunisten Allas,HA_F06,consensus,1429,1134,679,382,7,98.2,674,98.8748,97,0.979425,Bacteria,Pseudomonadota,Gammaproteobacteria,Pseudomonadales,Pseudomonadaceae,Pseudomonas,NA,NA,3,TRUE,TRUE,TRUE,TRUE
HA50,20250605_25FALAA000,HA50,HA50,F07,Haunisten Allas,HA_F7,consensus,1388,1401,1393,1037,31,97,1582,98.8831,98,0.983115,Bacteria,Pseudomonadota,Gammaproteobacteria,Aeromonadales,Aeromonadaceae,Aeromonas,Aeromonas,Aeromonas finlandensis,1,TRUE,FALSE,FALSE,FALSE
HA51,20250605_25FALAA000,HA51,HA51,F08,Haunisten Allas,HA_F8,consensus,1353,1133,1376,1039,34,96.7,1525,99.1131,98,0.9812,Bacteria,Bacteroidota,Flavobacteriia,Flavobacteriales,Weeksellaceae,Chryseobacterium,Chryseobacterium,Chryseobacterium indicum,1,TRUE,FALSE,FALSE,FALSE
HA52_20250605_25FALAA000,20250605_25FALAA000,HA52,HA52,F09,Haunisten Allas,HA_F9,consensus,1290,1171,1319,1018,37,96.4,1592,99.7041,99,0.994826,Bacteria,Pseudomonadota,Gammaproteobacteria,Burkholderiales,Comamonadaceae,Acidovorax,NA,NA,3,TRUE,TRUE,TRUE,TRUE
HA53,20250605_25FALAA000,HA53,HA53,F10,Haunisten Allas,HA_F10,consensus,1392,1442,1409,1082,32,97,1805,97.711,98,0.982787,Bacteria,Bacillota,Bacilli,Exiguobacteriales,Exiguobacteriaceae,Exiguobacterium,NA,NA,1,TRUE,FALSE,FALSE,FALSE
HA54,20250905_2657LAA000,HA54,HA54,F12,Haunisten Allas,HA_F12,singleton_F,813,813,0,0,0,0,0,96.064,94,0.940609,Bacteria,Pseudomonadota,Gammaproteobacteria,Burkholderiales,Oxalobacteraceae,Herbaspirillum,NA,NA,1,TRUE,FALSE,FALSE,FALSE
HA55,20250605_25FALAA000,HA55,HA55,G01,Haunisten Allas,HA_G1,consensus,1392,1161,960,727,71,90.2,905,94.1977,91,0.916294,Bacteria,Pseudomonadota,Gammaproteobacteria,Enterobacterales,Hafniaceae,Serratia,NA,NA,1,TRUE,FALSE,FALSE,FALSE
HA56,20250605_25FALAA000,HA56,HA56,G02,Haunisten Allas,HA_G2,consensus,1315,1407,966,827,43,94.8,1367,98.6353,97,0.974993,Bacteria,Bacteroidota,Flavobacteriia,Flavobacteriales,Weeksellaceae,Chryseobacterium,Chryseobacterium,Chryseobacterium indicum,1,TRUE,FALSE,FALSE,FALSE
HA57,20250605_25FALAA000,HA57,HA57,G04,Haunisten Allas,HA_G4,consensus,1358,1391,1371,1117,23,97.9,1865,99.8527,99,0.997338,Bacteria,Bacteroidota,Flavobacteriia,Flavobacteriales,Weeksellaceae,Chryseobacterium,Chryseobacterium,Chryseobacterium indicum,1,TRUE,FALSE,FALSE,FALSE
HA59_20250605_25FALAA000,20250605_25FALAA000,HA59,HA59,G06,Haunisten Allas,HA_G6,consensus,1401,1449,1417,1141,64,94.4,1699,98.5601,97,0.970646,Bacteria,Pseudomonadota,Gammaproteobacteria,Pseudomonadales,Pseudomonadaceae,NA,NA,NA,3,TRUE,FALSE,FALSE,FALSE
HA61_20250605_25FALAA000,20250605_25FALAA000,HA61,HA61,G09,Haunisten Allas,HA_G9,consensus,1308,1413,1383,1061,57,94.6,1570,98.318,96,0.961486,Bacteria,Pseudomonadota,Gammaproteobacteria,Enterobacterales,Enterobacteriaceae,Yersinia,NA,NA,2,TRUE,FALSE,FALSE,FALSE
HA62,20250605_25FALAA000,HA62,HA62,G10,Haunisten Allas,HA_G10,consensus,1360,1417,1403,1003,101,89.9,1262,96.5492,93,0.939572,Bacteria,Pseudomonadota,Gammaproteobacteria,Neisseriales,Chromobacteriaceae,Aquitalea,NA,NA,1,TRUE,FALSE,FALSE,FALSE
HA63,20250605_25FALAA000,HA63,HA63,G12,Haunisten Allas,HA_G12,consensus,1451,1426,1265,1068,7,99.3,1926,99.0251,99,0.994608,Bacteria,Bacillota,Bacilli,Exiguobacteriales,Exiguobacteriaceae,Exiguobacterium,NA,NA,1,TRUE,FALSE,FALSE,FALSE
HA64_20250905_2657LAA000,20250905_2657LAA000,HA64,HA64,H01,Haunisten Allas,HA_H01,consensus,1419,1437,1257,1098,15,98.6,1966,99.6805,99,0.993882,Bacteria,Pseudomonadota,Gammaproteobacteria,Pseudomonadales,Pseudomonadaceae,Pseudomonas,NA,NA,3,TRUE,TRUE,TRUE,TRUE
HA65,20250605_25FALAA000,HA65,HA65,H02,Haunisten Allas,HA_H2,consensus,1390,1149,997,752,11,98.5,1349,97.34,96,0.961311,Bacteria,Pseudomonadota,Gammaproteobacteria,Neisseriales,Chromobacteriaceae,Aquitalea,NA,NA,1,TRUE,FALSE,FALSE,FALSE
HA66,20250605_25FALAA000,HA66,HA66,H05,Haunisten Allas,HA_H5,consensus,1312,1473,1293,1064,58,94.5,1570,98.9329,98,0.981465,Bacteria,Pseudomonadota,Gammaproteobacteria,Aeromonadales,Aeromonadaceae,Aeromonas,NA,NA,1,TRUE,FALSE,FALSE,FALSE
HA67,20250605_25FALAA000,HA67,HA67,H06,Haunisten Allas,HA_H6,consensus,1294,1101,1105,912,17,98.1,1575,98.9206,97,0.97840800000000006,Bacteria,Bacteroidota,Flavobacteriia,Flavobacteriales,Weeksellaceae,Chryseobacterium,Chryseobacterium,Chryseobacterium indicum,1,TRUE,FALSE,FALSE,FALSE
HA68,20250605_25FALAA000,HA68,HA68,H08,Haunisten Allas,HA_H8,consensus,1361,1368,1439,1108,55,95,1705,98.8987,99,0.999011,Bacteria,Pseudomonadota,Gammaproteobacteria,Neisseriales,Chromobacteriaceae,Aquitalea,NA,NA,1,TRUE,FALSE,FALSE,FALSE
HA69,20250605_25FALAA000,HA69,HA69,H09,Haunisten Allas,HA_H9,consensus,1331,1339,1349,980,35,96.4,1523,98.6557,98,0.981558,Bacteria,Pseudomonadota,Gammaproteobacteria,Burkholderiales,Oxalobacteraceae,Undibacterium,NA,NA,1,TRUE,FALSE,FALSE,FALSE
HA69A,20260529_EC00233196,HA69A,HA69A,H09,Haunisten Allas,HA_H09,consensus,1409,1050,1058,699,0,100,1388,97.2543,99,0.998438,Bacteria,Bacteroidota,Flavobacteriia,Flavobacteriales,Weeksellaceae,Chryseobacterium,Chryseobacterium,Chryseobacterium ginsenosidimutans_A,1,TRUE,FALSE,FALSE,FALSE
HA69A_orange,20260921_EC00248049,HA69A_orange,HA69A_orange,H09,Haunisten Allas,HA_H09,consensus,1409,1001,1177,767,12,98.4,1389,96.0707,96,0.966425,Bacteria,Bacteroidota,Flavobacteriia,Flavobacteriales,Weeksellaceae,Chryseobacterium,Chryseobacterium,Chryseobacterium ginsenosidimutans_A,1,TRUE,FALSE,FALSE,FALSE
HA69A_white,20260921_EC00248049,HA69A_white,HA69A_white,H09,Haunisten Allas,HA_H09,consensus,1416,1022,1114,720,37,94.9,1190,95.9831,96,0.969442,Bacteria,Bacteroidota,Flavobacteriia,Flavobacteriales,Weeksellaceae,Chryseobacterium,Chryseobacterium,Chryseobacterium ginsenosidimutans_A,1,TRUE,FALSE,FALSE,FALSE
HA69B_20260921_EC00248049,20260921_EC00248049,HA69B,HA69B,H09,Haunisten Allas,HA_H09,consensus,1423,1160,1271,948,47,95,1513,93.564,93,0.93106,Bacteria,Deinococcota,Deinococci,Deinococcales,Deinococcaceae,Deinococcus,Deinococcus,Deinococcus depolymerans,2,TRUE,FALSE,FALSE,FALSE
HA70,20250605_25FALAA000,HA70,HA70,H10,Haunisten Allas,HA_H10,consensus,1338,795,1376,671,32,95.2,1001,98.9537,98,0.9839,Bacteria,Pseudomonadota,Gammaproteobacteria,Enterobacterales,Enterobacteriaceae,Yersinia,Yersinia,Yersinia kristensenii,1,TRUE,FALSE,FALSE,FALSE
HA71_20250605_25FALAA000,20250605_25FALAA000,HA71,HA71,H12,Haunisten Allas,HA_H12,consensus,1378,1086,1382,881,38,95.7,1408,98.1146,97,0.976849,Bacteria,Pseudomonadota,Gammaproteobacteria,Neisseriales,Chromobacteriaceae,Aquitalea,NA,NA,2,TRUE,FALSE,FALSE,FALSE
HA72,20250619_2607LAA000,HA72,HA72,A05,Haunisten Allas,HA_A05,consensus,1389,1435,1182,1098,36,96.7,1843,99.1367,98,0.986398,Bacteria,Pseudomonadota,Gammaproteobacteria,Neisseriales,Chromobacteriaceae,Chromobacterium,NA,NA,1,TRUE,FALSE,FALSE,FALSE
HA74,20250619_2607LAA000,HA74,HA74,B05,Haunisten Allas,HA_B05,singleton_F,1230,1230,0,0,0,0,0,97.1269,95,0.956448,Bacteria,Pseudomonadota,Gammaproteobacteria,Neisseriales,Chromobacteriaceae,Chromobacterium,NA,NA,1,TRUE,FALSE,FALSE,FALSE
HA76,20250619_2607LAA000,HA76,HA76,C05,Haunisten Allas,HA_C05,singleton_F,1247,1247,0,0,0,0,0,98.9109,97,0.973641,Bacteria,Pseudomonadota,Gammaproteobacteria,Pseudomonadales,Pseudomonadaceae,Pseudomonas,NA,NA,1,TRUE,FALSE,FALSE,FALSE
HA77,20250619_2607LAA000,HA77,HA77,E04,Haunisten Allas,HA_E04,singleton_F,1164,1164,0,0,0,0,0,97.4935,96,0.960877,Bacteria,Bacteroidota,Flavobacteriia,Flavobacteriales,Weeksellaceae,Chryseobacterium,Chryseobacterium,Chryseobacterium indicum,1,TRUE,FALSE,FALSE,FALSE
HA80,20250619_2607LAA000,HA80,HA80,G02,Haunisten Allas,HA_G02,consensus,1412,1387,1186,989,30,97,1621,99.1361,98,0.989102,Bacteria,Bacteroidota,Flavobacteriia,Flavobacteriales,Weeksellaceae,Chryseobacterium,Chryseobacterium,Chryseobacterium indicum,1,TRUE,FALSE,FALSE,FALSE
HA81,20250619_2607LAA000,HA81,HA81,G05,Haunisten Allas,HA_G05,consensus,1433,1541,1279,1087,24,97.8,1950,99.1256,98,0.982717,Bacteria,Pseudomonadota,Gammaproteobacteria,Pseudomonadales,Pseudomonadaceae,Pseudomonas,NA,NA,1,TRUE,FALSE,FALSE,FALSE
HA82_20250619_2607LAA000,20250619_2607LAA000,HA82,HA82,H10,Haunisten Allas,HA_H10,consensus,1431,1454,1243,1120,33,97.1,1871,99.5643,99,0.995384,Bacteria,Pseudomonadota,Gammaproteobacteria,Pseudomonadales,Moraxellaceae,Acinetobacter,NA,NA,2,TRUE,TRUE,TRUE,TRUE
SJ01_20260921_EC00248041,20260921_EC00248041,SJ01,SJ01,A05,Savojärvi,SJ_A05,consensus,1491,1308,1038,725,28,96.1,986,94.7826,87,0.875358,Bacteria,Pseudomonadota,Gammaproteobacteria,Pseudomonadales,Pseudomonadaceae,Pseudomonas,NA,NA,3,TRUE,TRUE,TRUE,TRUE
SJ02_20250605_25FALAA000,20250605_25FALAA000,SJ02,SJ02,A09,Savojärvi,SJ_A9,consensus,1383,1141,1193,951,2,99.8,1847,99.7101,99,0.992591,Bacteria,Pseudomonadota,Alphaproteobacteria,Sphingomonadales,Sphingomonadaceae,Sphingomonas,NA,NA,3,TRUE,TRUE,TRUE,TRUE
SJ03,20250605_25FALAA000,SJ03,SJ03,A10,Savojärvi,SJ_A10,consensus,1415,1217,1150,948,6,99.4,1751,99.4362,99,0.994831,Bacteria,Pseudomonadota,Gammaproteobacteria,Burkholderiales,Comamonadaceae,Roseateles,NA,NA,1,TRUE,FALSE,FALSE,FALSE
SJ04_20260921_EC00248041,20260921_EC00248041,SJ04,SJ04,B05,Savojärvi,SJ_B05,consensus,1456,1195,1347,612,69,88.7,581,93.8314,87,0.871035,Bacteria,Pseudomonadota,Gammaproteobacteria,Pseudomonadales,Pseudomonadaceae,Pseudomonas,NA,NA,2,TRUE,FALSE,FALSE,FALSE
SJ05,20250605_25FALAA000,SJ05,SJ05,C05,Savojärvi,SJ_C5,consensus,1422,1416,1442,1045,39,96.3,1633,99.0155,99,0.993561,Bacteria,Pseudomonadota,Gammaproteobacteria,Pseudomonadales,Pseudomonadaceae,Pseudomonas,Pseudomonas_E,Pseudomonas_E lutea,1,TRUE,FALSE,FALSE,FALSE
SJ06,20250605_25FALAA000,SJ06,SJ06,C09,Savojärvi,SJ_C9,consensus,1372,1407,1380,1016,92,90.9,1383,97.7487,96,0.961277,Bacteria,Pseudomonadota,Alphaproteobacteria,Sphingomonadales,Sphingomonadaceae,Sphingomonas,NA,NA,1,TRUE,FALSE,FALSE,FALSE
SJ07_20250605_25FALAA000,20250605_25FALAA000,SJ07,SJ07,D02,Savojärvi,SJ_D2,consensus,1398,1417,1371,1045,40,96.2,1560,99.1291,97,0.973095,Bacteria,Pseudomonadota,Gammaproteobacteria,Pseudomonadales,Pseudomonadaceae,Pseudomonas,NA,NA,3,TRUE,FALSE,FALSE,FALSE
SJ08_20250605_25FALAA000,20250605_25FALAA000,SJ08,SJ08,D05,Savojärvi,SJ_D5,consensus,1440,1456,1469,1117,40,96.4,1736,97.9958,97,0.978499,Bacteria,Pseudomonadota,Gammaproteobacteria,Enterobacterales,Hafniaceae,Serratia,NA,NA,2,TRUE,TRUE,TRUE,TRUE
SJ09_20260529_EC00233196,20260529_EC00233196,SJ09,SJ09,D09,Savojärvi,SJ_D09,consensus,1472,1280,1212,823,28,96.6,1233,94.9256,89,0.898002,Bacteria,Pseudomonadota,Gammaproteobacteria,Enterobacterales,Hafniaceae,Serratia,NA,NA,2,TRUE,TRUE,TRUE,TRUE
SJ10,20250605_25FALAA000,SJ10,SJ10,E05,Savojärvi,SJ_E5,consensus,1306,1121,1235,1049,13,98.8,1933,99.4636,99,0.993291,Bacteria,Pseudomonadota,Gammaproteobacteria,Pseudomonadales,Pseudomonadaceae,Pseudomonas,NA,NA,1,TRUE,FALSE,FALSE,FALSE
SJ11,20250905_2657LAA000,SJ11,SJ11,E06,Savojärvi,SJ_E06,singleton_F,1206,1206,0,0,0,0,0,99.2087,98,0.982791,Bacteria,Pseudomonadota,Alphaproteobacteria,Caulobacterales,Caulobacteraceae,Caulobacter,NA,NA,1,TRUE,FALSE,FALSE,FALSE
SJ12,20250605_25FALAA000,SJ12,SJ12,F05,Savojärvi,SJ_F5,consensus,1426,1318,1242,1120,15,98.7,1932,99.6006,99,0.992525,Bacteria,Pseudomonadota,Gammaproteobacteria,Pseudomonadales,Pseudomonadaceae,Pseudomonas,NA,NA,1,TRUE,FALSE,FALSE,FALSE
SJ13,20250605_25FALAA000,SJ13,SJ13,F06,Savojärvi,SJ_F6,consensus,1427,1200,1211,984,9,99.1,1796,99.5211,99,0.991239,Bacteria,Pseudomonadota,Gammaproteobacteria,Pseudomonadales,Pseudomonadaceae,Pseudomonas,NA,NA,1,TRUE,FALSE,FALSE,FALSE
SJ14_20250605_25FALAA000,20250605_25FALAA000,SJ14,SJ14,F09,Savojärvi,SJ_F9,consensus,1406,1419,1402,1036,32,96.9,1575,97.7257,98,0.981805,Bacteria,Pseudomonadota,Gammaproteobacteria,Burkholderiales,Comamonadaceae,Roseateles,Roseateles,Roseateles sp900109745,3,TRUE,TRUE,TRUE,TRUE
SJ16,20250605_25FALAA000,SJ16,SJ16,G05,Savojärvi,SJ_G5,consensus,1428,1327,1407,1201,36,97,1927,99.7312,99,0.995109,Bacteria,Pseudomonadota,Gammaproteobacteria,Pseudomonadales,Pseudomonadaceae,Pseudomonas,NA,NA,1,TRUE,FALSE,FALSE,FALSE
SJ17_20250905_2657LAA000,20250905_2657LAA000,SJ17,SJ17,H02,Savojärvi,SJ_H02,consensus,1430,1422,1446,1029,21,98,1730,99.8589,99,0.993629,Bacteria,Pseudomonadota,Gammaproteobacteria,Aeromonadales,Aeromonadaceae,Aeromonas,NA,NA,3,TRUE,TRUE,TRUE,TRUE
SJ18,20250605_25FALAA000,SJ18,SJ18,H09,Savojärvi,SJ_H9,consensus,1428,1137,1121,828,8,99,1489,99.6466,99,0.990014,Bacteria,Pseudomonadota,Gammaproteobacteria,Aeromonadales,Aeromonadaceae,Aeromonas,NA,NA,1,TRUE,FALSE,FALSE,FALSE
SJ20,20250619_2607LAA000,SJ20,SJ20,D09,Savojärvi,SJ_D09,consensus,1442,1408,1471,1211,81,93.3,1719,98.3414,98,0.98407,Bacteria,Pseudomonadota,Gammaproteobacteria,Enterobacterales,Hafniaceae,Serratia,NA,NA,1,TRUE,FALSE,FALSE,FALSE
SJ23,20250619_2607LAA000,SJ23,SJ23,F10,Savojärvi,SJ_F10,consensus,1430,1422,1271,1083,23,97.9,1907,99.2302,98,0.984489,Bacteria,Pseudomonadota,Gammaproteobacteria,Pseudomonadales,Pseudomonadaceae,Pseudomonas,NA,NA,1,TRUE,FALSE,FALSE,FALSE
SJ_G02,20250508_24CCKAA,SJ_G02,NA,G02,Savojärvi,SJ_G02,consensus,1428,969,1066,604,17,97.2,1038,97.4551,96,0.965987,Bacteria,Pseudomonadota,Gammaproteobacteria,Burkholderiales,Comamonadaceae,NA,Roseateles,Roseateles sp900109745,1,TRUE,FALSE,FALSE,FALSE
SJ_G09,20250508_24CCKAA,SJ_G09,NA,G09,Savojärvi,SJ_G09,consensus,1380,924,1028,571,18,96.8,985,99.8551,99,0.997182,Bacteria,Pseudomonadota,Gammaproteobacteria,Pseudomonadales,Pseudomonadaceae,Pseudomonas,NA,NA,1,TRUE,FALSE,FALSE,FALSE
TL01_20250905_2657LAA000,20250905_2657LAA000,TL01,TL01,A01,Turun Linna,TL_A01,consensus,1422,1434,1242,1137,15,98.7,2010,99.3915,99,0.994045,Bacteria,Pseudomonadota,Gammaproteobacteria,Pseudomonadales,Pseudomonadaceae,Pseudomonas,NA,NA,3,TRUE,FALSE,FALSE,FALSE
TL01_big,20260921_EC00248049,TL01_big,TL01_big,A01,Turun Linna,TL_A01,consensus,1423,647,912,136,3,97.8,257,100,98,0.984634,Bacteria,Pseudomonadota,Gammaproteobacteria,Pseudomonadales,Pseudomonadaceae,Pseudomonas,NA,NA,1,TRUE,FALSE,FALSE,FALSE
TL01_small,20260921_EC00248049,TL01_small,TL01_small,A01,Turun Linna,TL_A01,consensus,1431,979,1128,673,27,96,1134,99.2857,97,0.977837,Bacteria,Pseudomonadota,Gammaproteobacteria,Pseudomonadales,Pseudomonadaceae,Pseudomonas,NA,NA,1,TRUE,FALSE,FALSE,FALSE
TL02_20250605_25FALAA000,20250605_25FALAA000,TL02,TL02,A02,Turun Linna,TL_A2,consensus,1432,1086,1153,800,17,97.9,1480,98.9576,99,0.994024,Bacteria,Pseudomonadota,Gammaproteobacteria,Enterobacterales,Hafniaceae,NA,Rouxiella,Rouxiella badensis,2,TRUE,FALSE,FALSE,FALSE
TL03_20250905_2657LAA000,20250905_2657LAA000,TL03,TL03,B01,Turun Linna,TL_B01,consensus,1429,1418,1244,1063,12,98.9,1934,99.6387,99,0.995694,Bacteria,Pseudomonadota,Gammaproteobacteria,Pseudomonadales,Moraxellaceae,Acinetobacter,Acinetobacter,Acinetobacter johnsonii,3,TRUE,FALSE,TRUE,TRUE
TL04,20250605_25FALAA000,TL04,TL04,C01,Turun Linna,TL_C1,consensus,1424,1204,1163,941,12,98.7,1670,100,99,0.998023,Bacteria,Pseudomonadota,Gammaproteobacteria,Pseudomonadales,Pseudomonadaceae,Pseudomonas,NA,NA,1,TRUE,FALSE,FALSE,FALSE
TL05_20250605_25FALAA000,20250605_25FALAA000,TL05,TL05,D01,Turun Linna,TL_D1,consensus,1412,1147,1097,821,13,98.4,1385,99.2918,98,0.982806,Bacteria,Pseudomonadota,Gammaproteobacteria,Pseudomonadales,Pseudomonadaceae,Pseudomonas,NA,NA,2,TRUE,FALSE,FALSE,FALSE
TL06_20250605_25FALAA000,20250605_25FALAA000,TL06,TL06,E01,Turun Linna,TL_E1,consensus,1430,1212,1154,935,18,98.1,1666,99.4417,99,0.994233,Bacteria,Pseudomonadota,Gammaproteobacteria,Pseudomonadales,Pseudomonadaceae,Pseudomonas,NA,NA,2,TRUE,FALSE,FALSE,FALSE
TL07,20250605_25FALAA000,TL07,TL07,G01,Turun Linna,TL_G1,consensus,1433,1117,1230,906,20,97.8,1577,99.6022,98,0.984722,Bacteria,Pseudomonadota,Gammaproteobacteria,Pseudomonadales,Pseudomonadaceae,Pseudomonas,NA,NA,1,TRUE,FALSE,FALSE,FALSE
TL08,20250619_2607LAA000,TL08,TL08,A04,Turun Linna,TL_A4,consensus,1432,642,998,184,32,82.6,188,94.8207,92,0.920408,Bacteria,Pseudomonadota,Gammaproteobacteria,Pseudomonadales,Pseudomonadaceae,Pseudomonas,NA,NA,1,TRUE,FALSE,FALSE,FALSE
TL09_20250619_2607LAA000,20250619_2607LAA000,TL09,TL09,A05,Turun Linna,TL_A5,consensus,1433,1409,1125,905,17,98.1,1554,99.3213,98,0.985047,Bacteria,Pseudomonadota,Gammaproteobacteria,Enterobacterales,Enterobacteriaceae,NA,NA,NA,3,TRUE,TRUE,TRUE,TRUE
TL10_20250619_2607LAA000,20250619_2607LAA000,TL10,TL10,A06,Turun Linna,TL_A6,consensus,1432,1197,1474,1123,44,96.1,1834,100,99,0.99041,Bacteria,Bacillota,Bacilli,Lactobacillales,Streptococcaceae,Lactococcus,NA,NA,3,TRUE,FALSE,FALSE,FALSE
TL11,20250619_2607LAA000,TL11,TL11,A07,Turun Linna,TL_A7,consensus,1422,1217,1249,1043,7,99.3,1964,100,99,0.995865,Bacteria,Pseudomonadota,Gammaproteobacteria,Pseudomonadales,Pseudomonadaceae,Pseudomonas,NA,NA,1,TRUE,FALSE,FALSE,FALSE
TL12_20250619_2607LAA000,20250619_2607LAA000,TL12,TL12,A08,Turun Linna,TL_A8,consensus,1433,1198,1294,1059,11,99,2008,100,99,0.990876,Bacteria,Bacillota,Bacilli,Lactobacillales,Streptococcaceae,Lactococcus,NA,NA,2,TRUE,TRUE,TRUE,TRUE
TL13_20250905_2657LAA000,20250905_2657LAA000,TL13,TL13,A09,Turun Linna,TL_A09,consensus,1435,1446,1463,1161,32,97.2,1877,99.3382,98,0.986518,Bacteria,Pseudomonadota,Gammaproteobacteria,Aeromonadales,Aeromonadaceae,Aeromonas,NA,NA,3,TRUE,TRUE,TRUE,TRUE
TL14,20250619_2607LAA000,TL14,TL14,A11,Turun Linna,TL_A11,consensus,1406,1376,1198,980,13,98.7,1665,99.6815,98,0.988922,Bacteria,Pseudomonadota,Gammaproteobacteria,Pseudomonadales,Pseudomonadaceae,Pseudomonas,NA,NA,1,TRUE,FALSE,FALSE,FALSE
TL15,20250905_2657LAA000,TL15,TL15,A12,Turun Linna,TL_A12,consensus,1392,1440,1397,1063,52,95.1,1631,98.8506,97,0.971088,Bacteria,Pseudomonadota,Gammaproteobacteria,Burkholderiales,Oxalobacteraceae,Herbaspirillum,NA,NA,1,TRUE,FALSE,FALSE,FALSE
TL16,20250619_2607LAA000,TL16,TL16,B02,Turun Linna,TL_B2,consensus,1427,1242,1268,1079,12,98.9,1958,100,99,0.996461,Bacteria,Pseudomonadota,Gammaproteobacteria,Pseudomonadales,Pseudomonadaceae,Pseudomonas,NA,NA,1,TRUE,FALSE,FALSE,FALSE
TL17_20260921_EC00248049,20260921_EC00248049,TL17,TL17,B05,Turun Linna,TL_B05,consensus,1444,531,1152,237,14,94.1,354,98.5089,97,0.971752,Bacteria,Bacillota,Bacilli,Lactobacillales,Streptococcaceae,Lactococcus,NA,NA,2,TRUE,FALSE,FALSE,FALSE
TL18,20250619_2607LAA000,TL18,TL18,B06,Turun Linna,TL_B6,consensus,1422,1397,1480,1070,27,97.5,1741,99.2863,97,0.97769,Bacteria,Pseudomonadota,Gammaproteobacteria,Pseudomonadales,Pseudomonadaceae,Pseudomonas,NA,NA,1,TRUE,FALSE,FALSE,FALSE
TL19,20250619_2607LAA000,TL19,TL19,B07,Turun Linna,TL_B7,consensus,1429,1410,1453,1169,25,97.9,1960,100,99,0.991054,Bacteria,Bacillota,Bacilli,Lactobacillales,Streptococcaceae,Lactococcus,NA,NA,1,TRUE,FALSE,FALSE,FALSE
TL20,20250619_2607LAA000,TL20,TL20,B08,Turun Linna,TL_B8,consensus,1428,1440,1170,1020,12,98.8,1831,100,99,0.992906,Bacteria,Bacillota,Bacilli,Lactobacillales,Streptococcaceae,Lactococcus,Streptosporangium,Streptosporangium canum,1,TRUE,FALSE,FALSE,FALSE
TL21_20250905_2657LAA000,20250905_2657LAA000,TL21,TL21,B12,Turun Linna,TL_B12,consensus,1409,1437,1297,1132,31,97.3,1900,99.0793,99,0.998281,Bacteria,Pseudomonadota,Gammaproteobacteria,Neisseriales,Chromobacteriaceae,Aquitalea,NA,NA,2,TRUE,TRUE,TRUE,TRUE
TL22,20250619_2607LAA000,TL22,TL22,C03,Turun Linna,TL_C3,consensus,1414,1163,1129,871,6,99.3,1652,99.9202,99,0.993755,Bacteria,Pseudomonadota,Gammaproteobacteria,Pseudomonadales,Pseudomonadaceae,Pseudomonas,NA,NA,1,TRUE,FALSE,FALSE,FALSE
TL23_20250619_2607LAA000,20250619_2607LAA000,TL23,TL23,C05,Turun Linna,TL_C5,consensus,1428,1403,1431,1058,49,95.4,1574,99.6951,99,0.992169,Bacteria,Pseudomonadota,Gammaproteobacteria,Pseudomonadales,Pseudomonadaceae,Pseudomonas,NA,NA,3,TRUE,FALSE,FALSE,FALSE
TL24,20250619_2607LAA000,TL24,TL24,C06,Turun Linna,TL_C6,consensus,1432,1427,1428,1126,36,96.8,1755,99.8122,98,0.989468,Bacteria,Bacillota,Bacilli,Lactobacillales,Streptococcaceae,Lactococcus,NA,NA,1,TRUE,FALSE,FALSE,FALSE
TL25_20250619_2607LAA000,20250619_2607LAA000,TL25,TL25,C07,Turun Linna,TL_C7,consensus,1430,1443,1294,1122,14,98.8,1993,100,99,0.991278,Bacteria,Bacillota,Bacilli,Lactobacillales,Streptococcaceae,Lactococcus,NA,NA,4,TRUE,TRUE,TRUE,TRUE
TL26,20250619_2607LAA000,TL26,TL26,C08,Turun Linna,TL_C8,consensus,1421,1190,1220,988,4,99.6,1901,99.906,99,0.99235,Bacteria,Bacillota,Bacilli,Lactobacillales,Streptococcaceae,Lactococcus,NA,NA,1,TRUE,FALSE,FALSE,FALSE
TL27,20250619_2607LAA000,TL27,TL27,C11,Turun Linna,TL_C11,consensus,1417,1290,1235,1103,14,98.7,2006,99.9242,99,0.994909,Bacteria,Pseudomonadota,Gammaproteobacteria,Pseudomonadales,Pseudomonadaceae,Pseudomonas,Pseudomonas_E,Pseudomonas_E putida,1,TRUE,FALSE,FALSE,FALSE
TL28_20260921_EC00248049,20260921_EC00248049,TL28,TL28,C12,Turun Linna,TL_C12,consensus,1422,813,1046,437,90,79.4,350,93.6185,92,0.927245,Bacteria,Pseudomonadota,Gammaproteobacteria,Pseudomonadales,Moraxellaceae,Acinetobacter,Acinetobacter,Acinetobacter sp002135345,2,TRUE,FALSE,TRUE,TRUE
TL29_20250619_2607LAA000,20250619_2607LAA000,TL29,TL29,D02,Turun Linna,TL_D2,consensus,1424,1249,1461,1097,25,97.7,1954,99.8597,99,0.996736,Bacteria,Pseudomonadota,Gammaproteobacteria,Pseudomonadales,Pseudomonadaceae,NA,NA,NA,2,TRUE,FALSE,FALSE,FALSE
TL30_20250619_2607LAA000,20250619_2607LAA000,TL30,TL30,D03,Turun Linna,TL_D3,consensus,1434,1164,1161,885,13,98.5,1560,99.3631,98,0.987014,Bacteria,Pseudomonadota,Gammaproteobacteria,Pseudomonadales,Pseudomonadaceae,Pseudomonas,NA,NA,2,TRUE,FALSE,FALSE,FALSE
TL31,20250619_2607LAA000,TL31,TL31,D05,Turun Linna,TL_D5,consensus,1426,1424,1439,1139,46,96,1853,99.9202,99,0.994659,Bacteria,Pseudomonadota,Gammaproteobacteria,Pseudomonadales,Pseudomonadaceae,Pseudomonas,NA,NA,1,TRUE,FALSE,FALSE,FALSE
TL32,20250619_2607LAA000,TL32,TL32,D06,Turun Linna,TL_D6,consensus,1434,1444,1463,1136,28,97.5,1919,100,99,0.995688,Bacteria,Bacillota,Bacilli,Lactobacillales,Streptococcaceae,Lactococcus,NA,NA,1,TRUE,FALSE,FALSE,FALSE
TL33,20250619_2607LAA000,TL33,TL33,D08,Turun Linna,TL_D8,consensus,1434,1187,1173,926,1,99.9,1782,100,99,0.9943,Bacteria,Bacillota,Bacilli,Lactobacillales,Streptococcaceae,Lactococcus,NA,NA,1,TRUE,FALSE,FALSE,FALSE
TL34_20250619_2607LAA000,20250619_2607LAA000,TL34,TL34,D09,Turun Linna,TL_D9,consensus,1432,1422,1155,951,31,96.7,1591,98.6082,97,0.979865,Bacteria,Pseudomonadota,Gammaproteobacteria,Pseudomonadales,Pseudomonadaceae,Pseudomonas,NA,NA,2,TRUE,FALSE,FALSE,FALSE
TL35,20250619_2607LAA000,TL35,TL35,D11,Turun Linna,TL_D11,consensus,1428,1186,1460,1092,38,96.5,1871,100,99,0.994279,Bacteria,Bacillota,Bacilli,Lactobacillales,Streptococcaceae,Lactococcus,NA,NA,1,TRUE,FALSE,FALSE,FALSE
TL36,20250619_2607LAA000,TL36,TL36,E01,Turun Linna,TL_E01,consensus,1350,1424,854,803,53,93.4,1102,97.5574,96,0.966062,Bacteria,Pseudomonadota,Gammaproteobacteria,Neisseriales,Chromobacteriaceae,Chromobacterium,NA,NA,1,TRUE,FALSE,FALSE,FALSE
TL37_20250619_2607LAA000,20250619_2607LAA000,TL37,TL37,E04,Turun Linna,TL_E4,consensus,1429,1308,1174,1001,10,99,1857,99.1626,99,0.990899,Bacteria,Pseudomonadota,Gammaproteobacteria,Pseudomonadales,Pseudomonadaceae,Pseudomonas,NA,NA,2,TRUE,FALSE,FALSE,FALSE
TL38_20250619_2607LAA000,20250619_2607LAA000,TL38,TL38,E05,Turun Linna,TL_E5,consensus,1432,1449,1131,895,39,95.6,1488,99.0244,97,0.977748,Bacteria,Pseudomonadota,Gammaproteobacteria,Enterobacterales,Enterobacteriaceae,Pantoea,NA,NA,2,TRUE,FALSE,FALSE,FALSE
TL39,20250619_2607LAA000,TL39,TL39,E07,Turun Linna,TL_E7,consensus,1436,1407,1465,1127,50,95.6,1708,100,99,0.994482,Bacteria,Bacillota,Bacilli,Lactobacillales,Streptococcaceae,Lactococcus,NA,NA,1,TRUE,FALSE,FALSE,FALSE
TL40_20260921_EC00248049,20260921_EC00248049,TL40,TL40,E08,Turun Linna,TL_E08,consensus,1437,996,1108,661,29,95.6,1090,98.4992,96,0.968104,Bacteria,Pseudomonadota,Gammaproteobacteria,Pseudomonadales,Pseudomonadaceae,Pseudomonas,NA,NA,3,TRUE,TRUE,TRUE,TRUE
TL41,20250619_2607LAA000,TL41,TL41,E09,Turun Linna,TL_E9,consensus,1418,1226,1117,925,6,99.4,1775,100,99,0.994989,Bacteria,Pseudomonadota,Gammaproteobacteria,Pseudomonadales,Pseudomonadaceae,Pseudomonas,NA,NA,1,TRUE,FALSE,FALSE,FALSE
TL42,20250619_2607LAA000,TL42,TL42,E10,Turun Linna,TL_E10,consensus,1423,1449,1433,1175,24,98,2011,99.6805,99,0.993894,Bacteria,Pseudomonadota,Gammaproteobacteria,Pseudomonadales,Pseudomonadaceae,Pseudomonas,NA,NA,1,TRUE,FALSE,FALSE,FALSE
TL43_20260921_EC00248049,20260921_EC00248049,TL43,TL43,E11,Turun Linna,TL_E11,consensus,1456,1003,1137,683,36,94.7,1007,96.7611,93,0.935186,Bacteria,Pseudomonadota,Gammaproteobacteria,Pseudomonadales,Pseudomonadaceae,NA,NA,NA,3,TRUE,TRUE,TRUE,TRUE
TL44,20250619_2607LAA000,TL44,TL44,F04,Turun Linna,TL_F4,consensus,1425,1255,1275,1097,9,99.2,2057,100,99,0.995578,Bacteria,Pseudomonadota,Gammaproteobacteria,Pseudomonadales,Pseudomonadaceae,Pseudomonas,NA,NA,1,TRUE,FALSE,FALSE,FALSE
TL45,20250619_2607LAA000,TL45,TL45,F05,Turun Linna,TL_F5,consensus,1433,1184,1146,894,4,99.6,1728,100,99,0.996305,Bacteria,Bacillota,Bacilli,Lactobacillales,Streptococcaceae,Lactococcus,NA,NA,1,TRUE,FALSE,FALSE,FALSE
TL46,20250619_2607LAA000,TL46,TL46,F06,Turun Linna,TL_F6,consensus,1437,1435,1443,1180,32,97.3,1946,100,99,0.995786,Bacteria,Bacillota,Bacilli,Lactobacillales,Streptococcaceae,Lactococcus,NA,NA,1,TRUE,FALSE,FALSE,FALSE
TL47,20250619_2607LAA000,TL47,TL47,F07,Turun Linna,TL_F7,consensus,1425,1414,1423,1154,35,97,1897,99.5943,99,0.995429,Bacteria,Pseudomonadota,Gammaproteobacteria,Pseudomonadales,Pseudomonadaceae,Pseudomonas,NA,NA,1,TRUE,FALSE,FALSE,FALSE
TL48,20250905_2657LAA000,TL48,TL48,F08,Turun Linna,TL_F08,singleton_F,792,792,0,0,0,0,0,95.8801,93,0.930771,Bacteria,Pseudomonadota,Gammaproteobacteria,Aeromonadales,Aeromonadaceae,Aeromonas,Aeromonas,Aeromonas salmonicida,1,TRUE,FALSE,FALSE,FALSE
TL49_20250905_2657LAA000,20250905_2657LAA000,TL49,TL49,F11,Turun Linna,TL_F11,consensus,1437,1437,1444,1109,35,96.8,1764,99.4043,98,0.982595,Bacteria,Pseudomonadota,Gammaproteobacteria,Aeromonadales,Aeromonadaceae,Aeromonas,NA,NA,3,TRUE,TRUE,TRUE,TRUE
TL50,20250619_2607LAA000,TL50,TL50,G02,Turun Linna,TL_G2,consensus,1427,1183,1157,906,5,99.4,1737,99.9202,99,0.994465,Bacteria,Pseudomonadota,Gammaproteobacteria,Pseudomonadales,Pseudomonadaceae,Pseudomonas,NA,NA,1,TRUE,FALSE,FALSE,FALSE
TL51,20250619_2607LAA000,TL51,TL51,G04,Turun Linna,TL_G4,consensus,1427,1453,1433,1166,33,97.2,1923,100,99,0.993827,Bacteria,Pseudomonadota,Gammaproteobacteria,Pseudomonadales,Pseudomonadaceae,Pseudomonas,NA,NA,1,TRUE,FALSE,FALSE,FALSE
TL52,20250619_2607LAA000,TL52,TL52,G05,Turun Linna,TL_G5,consensus,1417,1258,1268,1109,8,99.3,2093,99.6479,99,0.994161,Bacteria,Pseudomonadota,Gammaproteobacteria,Pseudomonadales,Pseudomonadaceae,Pseudomonas,NA,NA,1,TRUE,FALSE,FALSE,FALSE
TL53,20250619_2607LAA000,TL53,TL53,G06,Turun Linna,TL_G6,consensus,1433,1441,1142,933,19,98,1643,99.906,99,0.991375,Bacteria,Bacillota,Bacilli,Lactobacillales,Streptococcaceae,Lactococcus,NA,NA,1,TRUE,FALSE,FALSE,FALSE
TL54,20250619_2607LAA000,TL54,TL54,G08,Turun Linna,TL_G8,consensus,1426,1245,1173,991,6,99.4,1862,99.8983,99,0.997873,Bacteria,Pseudomonadota,Gammaproteobacteria,Pseudomonadales,Pseudomonadaceae,Pseudomonas,NA,NA,1,TRUE,FALSE,FALSE,FALSE
TL55_20250619_2607LAA000,20250619_2607LAA000,TL55,TL55,G09,Turun Linna,TL_G9,consensus,1422,1436,1449,1061,60,94.3,1596,98.39,98,0.986961,Bacteria,Pseudomonadota,Gammaproteobacteria,Pseudomonadales,Pseudomonadaceae,Pseudomonas,NA,NA,3,TRUE,FALSE,FALSE,FALSE
TL56_20250905_2657LAA000,20250905_2657LAA000,TL56,TL56,G10,Turun Linna,TL_G10,consensus,1427,1171,1440,1093,20,98.2,1886,99.5951,99,0.992145,Bacteria,Pseudomonadota,Gammaproteobacteria,Pseudomonadales,Pseudomonadaceae,Pseudomonas,NA,NA,3,TRUE,TRUE,TRUE,TRUE
TL58,20250619_2607LAA000,TL58,TL58,H04,Turun Linna,TL_H4,consensus,1398,1394,1442,1066,63,94.1,1566,98.2066,98,0.989391,Bacteria,Bacteroidota,Flavobacteriia,Flavobacteriales,Weeksellaceae,Chryseobacterium,NA,NA,1,TRUE,FALSE,FALSE,FALSE
TL59,20250619_2607LAA000,TL59,TL59,H05,Turun Linna,TL_H5,consensus,1427,1425,1419,1169,25,97.9,1993,98.8878,99,0.991942,Bacteria,Pseudomonadota,Gammaproteobacteria,Pseudomonadales,Pseudomonadaceae,Pseudomonas,NA,NA,1,TRUE,FALSE,FALSE,FALSE
TL61,20250619_2607LAA000,TL61,TL61,H07,Turun Linna,TL_H7,consensus,1377,1385,1431,1051,53,95,1527,99.1693,98,0.981019,Bacteria,Pseudomonadota,Gammaproteobacteria,Pseudomonadales,Pseudomonadaceae,Pseudomonas,NA,NA,1,TRUE,FALSE,FALSE,FALSE
TL62,20250619_2607LAA000,TL62,TL62,H08,Turun Linna,TL_H8,consensus,1432,1412,1475,1153,42,96.4,1857,99.906,98,0.987122,Bacteria,Bacillota,Bacilli,Lactobacillales,Streptococcaceae,Lactococcus,NA,NA,1,TRUE,FALSE,FALSE,FALSE
TL63,20250619_2607LAA000,TL63,TL63,H09,Turun Linna,TL_H9,consensus,1424,1429,1433,1156,41,96.5,1788,99.6019,98,0.984797,Bacteria,Pseudomonadota,Gammaproteobacteria,Pseudomonadales,Pseudomonadaceae,Pseudomonas,NA,NA,1,TRUE,FALSE,FALSE,FALSE
TL64_20250619_2607LAA000,20250619_2607LAA000,TL64,TL64,H10,Turun Linna,TL_H10,consensus,1406,1324,1450,1166,51,95.6,1869,99.4845,99,0.990617,Bacteria,Pseudomonadota,Gammaproteobacteria,Pseudomonadales,Moraxellaceae,Acinetobacter,Acinetobacter,Acinetobacter johnsonii,3,TRUE,FALSE,FALSE,FALSE
TL65,20250619_2607LAA000,TL65,TL65,H11,Turun Linna,TL_H11,consensus,1424,1258,1441,1102,25,97.7,1952,100,99,0.992392,Bacteria,Pseudomonadota,Gammaproteobacteria,Pseudomonadales,Pseudomonadaceae,Pseudomonas,NA,NA,1,TRUE,FALSE,FALSE,FALSE
