strain	day	estimate	conf.low	conf.high	df
CONTROL	0	6.189342650417378	5.781343862214988	6.630533692276389	Inf
CONTROL	4	12.750083239592735	11.454052473282838	14.149870081408151	Inf
CONTROL	8	20.3096143249699	18.253947910304806	22.58752359007902	Inf
HA01	0	5.516681054957798	4.446483001833676	6.833685826132381	Inf
HA01	4	6.047299643434981	4.867355751606162	7.505669988885584	Inf
HA01	8	6.6449234003227335	5.3531194133482245	8.243316370936995	Inf
HA02	0	6.108678453852625	4.918861550717919	7.548216194481191	Inf
HA02	4	6.6541439992782365	5.323069203777939	8.249440814265606	Inf
HA02	8	7.410029241739142	5.941427415111089	9.211550083629774	Inf
HA03	0	6.09687235770552	4.944572742061425	7.504570585168087	Inf
HA03	4	6.80382705035618	5.504086299547929	8.409964256206964	Inf
HA03	8	7.5114329697804045	6.072099961394643	9.276518699528156	Inf
HA06	0	6.399908256922137	5.1918548500396495	7.94582494035041	Inf
HA06	4	9.88983047536021	7.934713790877469	12.20314573133895	Inf
HA06	8	19.575112891356103	15.748804341205503	24.249288315078605	Inf
HA08	0	5.693813054155125	4.573072879174523	7.086526882826171	Inf
HA08	4	6.986246332377103	5.622656420394338	8.718442238623243	Inf
HA08	8	10.2914282274774	8.31328494534592	12.793127136195144	Inf
HA10	0	5.504720104086644	4.42064266628409	6.879091951884472	Inf
HA10	4	5.957924732887896	4.778146671508088	7.441005754257283	Inf
HA10	8	7.567091431253113	6.108341011170126	9.312818368163844	Inf
HA12	0	5.379400835958629	4.374662649203174	6.644639198940556	Inf
HA12	4	9.766685328750016	7.914175672738632	12.142543867044806	Inf
HA12	8	14.524570829983077	11.67245759605545	18.002192394708246	Inf
HA14	0	6.080668361909753	4.8984849676821804	7.55206483721983	Inf
HA14	4	10.508890356871357	8.497859121509304	12.992392840212132	Inf
HA14	8	17.769408062077794	14.31710931173533	21.93989454892252	Inf
HA16	0	5.106460510393079	4.0812767439997835	6.304967184337564	Inf
HA16	4	12.596143619219418	10.142985623096118	15.677657826842376	Inf
HA16	8	24.079654179059713	19.395435257083303	29.88062523760958	Inf
HA17	0	5.745024008863528	4.648038687010752	7.1154683142261606	Inf
HA17	4	6.671473095080443	5.401722180690706	8.22707209869938	Inf
HA17	8	9.985363205827644	8.068307235975098	12.34069190866461	Inf
HA18	0	6.227075785512208	5.0417184163700615	7.723725307874857	Inf
HA18	4	7.410673704296027	5.9857992061426675	9.187719386974448	Inf
HA18	8	9.308111516307722	7.498427868597173	11.512341416960517	Inf
HA21A	0	6.175559617665509	4.9726620641211206	7.633602108966352	Inf
HA21A	4	8.005699366440151	6.4365887806753035	9.939971840829129	Inf
HA21A	8	10.700686448511709	8.605546009810052	13.26849414123827	Inf
HA21B	0	6.807603015336953	5.514825346941073	8.46998322218567	Inf
HA21B	4	12.400467242370064	10.019953348213285	15.363915879176137	Inf
HA21B	8	17.359630103961642	14.010411127661088	21.569750823761243	Inf
HA27	0	6.209444218561655	5.052399143561598	7.721437813775346	Inf
HA27	4	12.866372094417152	10.371049058938492	15.917728530133042	Inf
HA27	8	21.862739611820828	17.646628345971482	27.12856926864328	Inf
HA32	0	7.470685741653504	6.042674514244192	9.228067991530965	Inf
HA32	4	11.073481331373634	8.930414806977387	13.77813803705082	Inf
HA32	8	14.41467123711844	11.630057215527437	17.899855089760656	Inf
HA36	0	7.103463207941831	5.715518460238199	8.796447132559377	Inf
HA36	4	16.030076467494737	12.902441907317975	19.86202812728059	Inf
HA36	8	24.585027737870156	19.857231815344953	30.575596247891788	Inf
HA40	0	6.231768185824995	5.046326948063535	7.700875622319912	Inf
HA40	4	12.035876407383032	9.762839162094304	14.912353804039878	Inf
HA40	8	17.85604127248119	14.453375870803796	22.11728732978263	Inf
HA44	0	5.993624070661387	4.829933465799264	7.447387077225283	Inf
HA44	4	6.919827007336412	5.582264852033606	8.588954139995758	Inf
HA44	8	7.025460791338773	5.676575109010186	8.690189085892186	Inf
HA46	0	6.600585497323985	5.329523942072199	8.176114645685143	Inf
HA46	4	16.363609356642982	13.241908467110347	20.270155130408018	Inf
HA46	8	27.235943986359192	22.07958564702261	33.58228275751387	Inf
HA48	0	8.371200249278816	6.73579466130799	10.375456233723769	Inf
HA48	4	15.26100109639318	12.328959755330043	18.91363888407392	Inf
HA48	8	22.23533556279113	17.952803404129916	27.49334992208585	Inf
HA59	0	6.5731148650181765	5.3236920662683485	8.140040196397623	Inf
HA59	4	13.653840741859408	10.984300618524582	16.936089426965758	Inf
HA59	8	20.031883843996464	16.154357815820546	24.927326205171713	Inf
HA61	0	8.221172917229891	6.651350018624931	10.114668751251408	Inf
HA61	4	16.4227316710607	13.250396133403449	20.32492832894375	Inf
HA61	8	20.855104512796757	16.819790952315365	25.828577198542728	Inf
HA64	0	7.306809424347806	5.8705814912026755	9.093913647697129	Inf
HA64	4	11.863530971581103	9.551369154768961	14.654909505261411	Inf
HA64	8	15.674158413712384	12.62375517395354	19.447297967356576	Inf
HA69A	0	7.865401261646531	6.363704108003768	9.729139209571125	Inf
HA69A	4	14.614302904431646	11.799116902984066	18.165371105059915	Inf
HA69A	8	21.385021135491154	17.302278230937887	26.423752072979426	Inf
HA82	0	6.998087634761055	5.63382569651037	8.634076477141196	Inf
HA82	4	9.573216082567924	7.740461922014289	11.855986690518703	Inf
HA82	8	19.196947245118977	15.460155391245376	23.92737450800543	Inf
SJ02	0	6.470584871727169	5.244703379490507	8.03980005944049	Inf
SJ02	4	10.103658053972115	8.160312270779537	12.487181258945949	Inf
SJ02	8	19.69944516393754	15.906790826962919	24.448258093119293	Inf
SJ07	0	7.374641864872779	5.9837070674902755	9.149021486254922	Inf
SJ07	4	14.21416404752418	11.480520954069346	17.57417517268722	Inf
SJ07	8	33.9313733841446	27.48539987635911	42.14818867706984	Inf
SJ08	0	6.4230559781486365	5.18252909599798	7.989889408635748	Inf
SJ08	4	11.771733288274536	9.481655653555043	14.635056814791696	Inf
SJ08	8	16.926768145687834	13.705714669064584	21.169278395078955	Inf
SJ09	0	6.935016558028462	5.611836827762028	8.562532655529015	Inf
SJ09	4	14.03209444017524	11.302166028296108	17.468748655118898	Inf
SJ09	8	31.919903413728818	25.755762907550263	39.59976092312104	Inf
SJ14	0	7.067450008446466	5.723066735798951	8.758237299415056	Inf
SJ14	4	14.279184089378651	11.550953413778991	17.70745545464361	Inf
SJ14	8	23.449224420498236	18.906676757133418	29.1593199949029	Inf
SJ17	0	7.152976972567436	5.765282950180644	8.868768586179677	Inf
SJ17	4	12.98686307639808	10.470364030025557	16.03659729672527	Inf
SJ17	8	23.116808962158213	18.620676728545885	28.665967706899558	Inf
TL01	0	6.663263525861078	5.391078835054724	8.246964859577732	Inf
TL01	4	8.24485267975153	6.6899436626406015	10.269386172924259	Inf
TL01	8	11.30885870950163	9.106290225461702	14.035470789187828	Inf
TL02	0	6.70386524472041	5.390293055246406	8.28740197924402	Inf
TL02	4	9.97884244650599	8.008822829959973	12.390963136210686	Inf
TL02	8	14.587384249653077	11.764419353472361	18.009050959930928	Inf
TL03	0	7.393713904814204	5.974846990259344	9.176969167681078	Inf
TL03	4	10.456989770393271	8.417818868272777	12.961528859600469	Inf
TL03	8	15.288513298826338	12.332911593761967	19.007533608685108	Inf
TL05	0	7.274310728304966	5.8634384211920425	9.00327384130206	Inf
TL05	4	14.732793949523163	11.878217722356377	18.186442004541014	Inf
TL05	8	21.73220537742689	17.554161375997495	26.80186994841741	Inf
TL06	0	6.594517358362822	5.302978561478715	8.118307037590014	Inf
TL06	4	11.697717848426311	9.435136255197557	14.514357203847114	Inf
TL06	8	15.539558751154772	12.56548669838077	19.185228920169482	Inf
TL09	0	7.181596799127091	5.779166996869532	8.877392083577925	Inf
TL09	4	10.517807365584297	8.494106664388655	13.06240885364711	Inf
TL09	8	14.061343465808406	11.361238613489816	17.402893993663042	Inf
TL23	0	6.599375515876227	5.339461845180311	8.133335413005316	Inf
TL23	4	13.532461436910527	10.943044150961482	16.78269693049996	Inf
TL23	8	17.34492700587817	13.965241495962045	21.521055932247307	Inf
TL29	0	6.860179089824733	5.520026073468357	8.474637510173224	Inf
TL29	4	12.759269985197667	10.257360166436497	15.781312128462622	Inf
TL29	8	16.097140760251953	12.964893277891534	19.969700529172595	Inf
TL34	0	6.765478904871782	5.44631218374539	8.377345377455377	Inf
TL34	4	14.083421316242937	11.393212251599667	17.507895675666905	Inf
TL34	8	18.3023361147565	14.75304931396138	22.761222617772123	Inf
TL58	0	5.095185047330374	4.088998784170193	6.324600396239718	Inf
TL58	4	19.143938806369462	15.373525651737278	23.630689733608488	Inf
TL58	8	47.7011045502238	38.45215486632245	59.064727779283515	Inf
TL64	0	5.161942909026603	4.149189482920161	6.456281444619834	Inf
TL64	4	15.961433618353745	12.829111645771139	19.854665943722026	Inf
TL64	8	41.39583218605647	33.22789124850255	51.579461342802304	Inf
