strain	estimate	conf.low	conf.high	prob_increase	prob_decrease	direction
HA44	-13.089002619668443	-15.595795141734575	-10.81401802247188	0	1	decreases growth
HA01	-12.990030955951024	-15.396421150587951	-10.724395895750977	0	1	decreases growth
HA02	-12.82211382377777	-15.33070538480375	-10.481214957522042	0	1	decreases growth
HA03	-12.706160758913686	-15.23946805206474	-10.364735781914288	0	1	decreases growth
HA10	-12.07088173324901	-14.606901354142979	-9.676814233767058	0	1	decreases growth
HA18	-11.044781718076017	-13.644390503387806	-8.511535851031903	0	1	decreases growth
HA17	-9.889012834301681	-12.525499307449504	-7.25443206718454	0	1	decreases growth
HA21A	-9.604888718245157	-12.329004725430982	-6.78362369139702	0	1	decreases growth
HA08	-9.519185827950482	-12.213103779638613	-6.8103427973388175	0	1	decreases growth
TL01	-9.462999451109065	-12.247321171776193	-6.640533029701171	0	1	decreases growth
TL09	-7.249429049120072	-10.288121886410384	-3.9553420337985497	1.6666666666666666e-4	0.9998333333333334	decreases growth
HA32	-7.203143794250526	-10.315570953702274	-3.8682320248232482	0	1	decreases growth
TL02	-6.256287932037228	-9.423080673093011	-2.891922194895831	2.5e-4	0.99975	decreases growth
TL03	-6.242454615194598	-9.512913548269054	-2.728339106099659	4.166666666666667e-4	0.9995833333333334	decreases growth
HA64	-5.746059930747986	-9.105496449595133	-2.18232877848775	0.0013333333333333333	0.9986666666666667	decreases growth
TL06	-5.193030108349921	-8.428458699947482	-1.6973754777659822	0.0020833333333333333	0.9979166666666667	decreases growth
HA12	-4.961347664734601	-8.218593417840454	-1.5116556566139991	0.0023333333333333335	0.9976666666666667	decreases growth
TL29	-4.865130852072353	-8.390253762045676	-1.1912325733696676	0.005083333333333333	0.9949166666666667	decreases growth
SJ08	-3.6186501139773144	-7.125005415848896	0.3614957892001836	0.036166666666666666	0.9638333333333333	no clear effect
HA21B	-3.5621845278333257	-7.142877560426566	0.36391076229866914	0.0375	0.9625	no clear effect
TL23	-3.4123231827194136	-6.9194295807925315	0.5068615063566076	0.042416666666666665	0.9575833333333333	no clear effect
TL34	-2.621158910108954	-6.32266386852228	1.4789448568145007	0.10391666666666667	0.8960833333333333	no clear effect
HA40	-2.5023692956131187	-6.1687826286981355	1.5177345408509375	0.10525	0.89475	no clear effect
HA14	-2.442256358216482	-6.0467633257792	1.550001244759112	0.102	0.898	no clear effect
HA82	-1.9541999786308102	-5.711911618162163	2.4273515800314365	0.17991666666666667	0.8200833333333334	no clear effect
HA61	-1.5148047057763883	-5.454459109907875	3.1019951966900905	0.249	0.751	no clear effect
HA06	-0.9855493711734384	-4.959454350832576	3.4198601038626775	0.32158333333333333	0.6784166666666667	no clear effect
SJ02	-0.9603019601766967	-4.819918745940757	3.5393120793121673	0.32925	0.67075	no clear effect
HA59	-0.7027127588604465	-4.587945762078902	3.871649408424628	0.37925	0.62075	no clear effect
HA69A	-0.646616769451688	-4.724886318861868	4.000646072160696	0.3893333333333333	0.6106666666666667	no clear effect
HA48	-0.2937141285572782	-4.541792948179095	4.661449069576459	0.44958333333333333	0.5504166666666667	no clear effect
TL05	0.2842858588420869	-3.8064466805846857	5.058819673661696	0.554	0.446	no clear effect
HA27	1.4612182445778803	-2.6582740603050383	6.336529776475304	0.7490833333333333	0.2509166666666667	no clear effect
SJ17	1.7890043892075314	-2.5563184800856833	6.997069584243148	0.7819166666666667	0.21808333333333332	no clear effect
SJ14	2.2531487167724134	-2.135215110901721	7.526372122190111	0.83425	0.16575	no clear effect
HA36	3.3438483428748533	-1.2869904761719464	8.900501015368953	0.9176666666666666	0.08233333333333333	no clear effect
HA16	4.851112532570987	0.23418803542282984	10.381926814867837	0.98025	0.01975	increases growth
HA46	6.514664538245752	1.461096246861364	12.479517683284364	0.9944166666666666	0.005583333333333333	increases growth
SJ09	10.808526772821919	4.938459792559843	17.906184070195838	1	0	increases growth
SJ07	12.454723855560363	6.310547815701262	19.856191122167637	1	0	increases growth
TL64	22.050516234055866	14.093687588960545	31.71335014987197	1	0	increases growth
TL58	28.46356545840022	19.321704588826528	39.21093546154337	1	0	increases growth
