strain	comparison_days	hypothesis	estimate	conf.low	conf.high
HA01	0 -> 8	(HA01) - (CONTROL)	-12.990030955951024	-15.396421150587951	-10.724395895750977
HA02	0 -> 8	(HA02) - (CONTROL)	-12.82211382377777	-15.33070538480375	-10.481214957522042
HA03	0 -> 8	(HA03) - (CONTROL)	-12.706160758913686	-15.23946805206474	-10.364735781914288
HA06	0 -> 8	(HA06) - (CONTROL)	-0.9855493711734384	-4.959454350832576	3.4198601038626775
HA08	0 -> 8	(HA08) - (CONTROL)	-9.519185827950482	-12.213103779638613	-6.8103427973388175
HA10	0 -> 8	(HA10) - (CONTROL)	-12.07088173324901	-14.606901354142979	-9.676814233767058
HA12	0 -> 8	(HA12) - (CONTROL)	-4.961347664734601	-8.218593417840454	-1.5116556566139991
HA14	0 -> 8	(HA14) - (CONTROL)	-2.442256358216482	-6.0467633257792	1.550001244759112
HA16	0 -> 8	(HA16) - (CONTROL)	4.851112532570987	0.23418803542282984	10.381926814867837
HA17	0 -> 8	(HA17) - (CONTROL)	-9.889012834301681	-12.525499307449504	-7.25443206718454
HA18	0 -> 8	(HA18) - (CONTROL)	-11.044781718076017	-13.644390503387806	-8.511535851031903
HA21A	0 -> 8	(HA21A) - (CONTROL)	-9.604888718245157	-12.329004725430982	-6.78362369139702
HA21B	0 -> 8	(HA21B) - (CONTROL)	-3.5621845278333257	-7.142877560426566	0.36391076229866914
HA27	0 -> 8	(HA27) - (CONTROL)	1.4612182445778803	-2.6582740603050383	6.336529776475304
HA32	0 -> 8	(HA32) - (CONTROL)	-7.203143794250526	-10.315570953702274	-3.8682320248232482
HA36	0 -> 8	(HA36) - (CONTROL)	3.3438483428748533	-1.2869904761719464	8.900501015368953
HA40	0 -> 8	(HA40) - (CONTROL)	-2.5023692956131187	-6.1687826286981355	1.5177345408509375
HA44	0 -> 8	(HA44) - (CONTROL)	-13.089002619668443	-15.595795141734575	-10.81401802247188
HA46	0 -> 8	(HA46) - (CONTROL)	6.514664538245752	1.461096246861364	12.479517683284364
HA48	0 -> 8	(HA48) - (CONTROL)	-0.2937141285572782	-4.541792948179095	4.661449069576459
HA59	0 -> 8	(HA59) - (CONTROL)	-0.7027127588604465	-4.587945762078902	3.871649408424628
HA61	0 -> 8	(HA61) - (CONTROL)	-1.5148047057763883	-5.454459109907875	3.1019951966900905
HA64	0 -> 8	(HA64) - (CONTROL)	-5.746059930747986	-9.105496449595133	-2.18232877848775
HA69A	0 -> 8	(HA69A) - (CONTROL)	-0.646616769451688	-4.724886318861868	4.000646072160696
HA82	0 -> 8	(HA82) - (CONTROL)	-1.9541999786308102	-5.711911618162163	2.4273515800314365
SJ02	0 -> 8	(SJ02) - (CONTROL)	-0.9603019601766967	-4.819918745940757	3.5393120793121673
SJ07	0 -> 8	(SJ07) - (CONTROL)	12.454723855560363	6.310547815701262	19.856191122167637
SJ08	0 -> 8	(SJ08) - (CONTROL)	-3.6186501139773144	-7.125005415848896	0.3614957892001836
SJ09	0 -> 8	(SJ09) - (CONTROL)	10.808526772821919	4.938459792559843	17.906184070195838
SJ14	0 -> 8	(SJ14) - (CONTROL)	2.2531487167724134	-2.135215110901721	7.526372122190111
SJ17	0 -> 8	(SJ17) - (CONTROL)	1.7890043892075314	-2.5563184800856833	6.997069584243148
TL01	0 -> 8	(TL01) - (CONTROL)	-9.462999451109065	-12.247321171776193	-6.640533029701171
TL02	0 -> 8	(TL02) - (CONTROL)	-6.256287932037228	-9.423080673093011	-2.891922194895831
TL03	0 -> 8	(TL03) - (CONTROL)	-6.242454615194598	-9.512913548269054	-2.728339106099659
TL05	0 -> 8	(TL05) - (CONTROL)	0.2842858588420869	-3.8064466805846857	5.058819673661696
TL06	0 -> 8	(TL06) - (CONTROL)	-5.193030108349921	-8.428458699947482	-1.6973754777659822
TL09	0 -> 8	(TL09) - (CONTROL)	-7.249429049120072	-10.288121886410384	-3.9553420337985497
TL23	0 -> 8	(TL23) - (CONTROL)	-3.4123231827194136	-6.9194295807925315	0.5068615063566076
TL29	0 -> 8	(TL29) - (CONTROL)	-4.865130852072353	-8.390253762045676	-1.1912325733696676
TL34	0 -> 8	(TL34) - (CONTROL)	-2.621158910108954	-6.32266386852228	1.4789448568145007
TL58	0 -> 8	(TL58) - (CONTROL)	28.46356545840022	19.321704588826528	39.21093546154337
TL64	0 -> 8	(TL64) - (CONTROL)	22.050516234055866	14.093687588960545	31.71335014987197
HA01	0 -> 4	(HA01) - (CONTROL)	-6.022995784172346	-7.711886318369521	-4.409186295460455
HA02	0 -> 4	(HA02) - (CONTROL)	-6.018966131473221	-7.791168696525544	-4.272643468157208
HA03	0 -> 4	(HA03) - (CONTROL)	-5.839471329656831	-7.577384957389818	-4.131103874826701
HA06	0 -> 4	(HA06) - (CONTROL)	-3.0928519614355525	-5.168663828821749	-0.9432386185996882
HA08	0 -> 4	(HA08) - (CONTROL)	-5.253502983777177	-7.042211700075428	-3.4781690907794176
HA10	0 -> 4	(HA10) - (CONTROL)	-6.126253665223165	-7.859169922614777	-4.385845335994313
HA12	0 -> 4	(HA12) - (CONTROL)	-2.1706230199777234	-4.200375024966421	0.040179423447200935
HA14	0 -> 4	(HA14) - (CONTROL)	-2.129112195232817	-4.22516583103591	0.1611693665884272
HA16	0 -> 4	(HA16) - (CONTROL)	0.9051153832301133	-1.468187336968227	3.7499001634464775
HA17	0 -> 4	(HA17) - (CONTROL)	-5.641853927486472	-7.364980302744062	-3.928439377611107
HA18	0 -> 4	(HA18) - (CONTROL)	-5.370821849470218	-7.209779195283959	-3.5815770716417132
HA21A	0 -> 4	(HA21A) - (CONTROL)	-4.72353414868741	-6.597823545265572	-2.814365382975069
HA21B	0 -> 4	(HA21B) - (CONTROL)	-0.9849978402087376	-3.3153217390127576	1.6215460391469594
HA27	0 -> 4	(HA27) - (CONTROL)	0.07069842677402116	-2.3346149880473384	2.8442777903333467
HA32	0 -> 4	(HA32) - (CONTROL)	-2.966046802270399	-5.161265595295746	-0.6044202811770105
HA36	0 -> 4	(HA36) - (CONTROL)	2.3529098636168397	-0.5516929186387823	5.725473961956729
HA40	0 -> 4	(HA40) - (CONTROL)	-0.7535990747990184	-3.0538958839847745	1.8132923614648377
HA44	0 -> 4	(HA44) - (CONTROL)	-5.635387656959701	-7.428975739782718	-3.896902290750191
HA46	0 -> 4	(HA46) - (CONTROL)	3.201058530153551	0.25544717468818634	6.661888167783529
HA48	0 -> 4	(HA48) - (CONTROL)	0.32639536061990615	-2.387142965340699	3.459191011506717
HA59	0 -> 4	(HA59) - (CONTROL)	0.4826765614347228	-2.0150178640508387	3.3691779656568204
HA61	0 -> 4	(HA61) - (CONTROL)	1.6198532489503217	-1.2563191131935518	4.968166847902675
HA64	0 -> 4	(HA64) - (CONTROL)	-2.0232298249219873	-4.351572513714857	0.49632125536714017
HA69A	0 -> 4	(HA69A) - (CONTROL)	0.1948998007596252	-2.4402209641711856	3.196345927404399
HA82	0 -> 4	(HA82) - (CONTROL)	-3.9830643506811003	-6.016027619862199	-1.8292871621888758
SJ02	0 -> 4	(SJ02) - (CONTROL)	-2.932922534615578	-5.035371105361947	-0.7030917741538992
SJ07	0 -> 4	(SJ07) - (CONTROL)	0.268049388636614	-2.2984786957967014	3.282302714760275
SJ08	0 -> 4	(SJ08) - (CONTROL)	-1.217533953053613	-3.546617058218508	1.3920086897412187
SJ09	0 -> 4	(SJ09) - (CONTROL)	0.5038814324935683	-2.0374859131646543	3.4632639013976254
SJ14	0 -> 4	(SJ14) - (CONTROL)	0.6591267792616442	-1.993896088551401	3.6365605932180856
SJ17	0 -> 4	(SJ17) - (CONTROL)	-0.73010152670774	-3.1877142517028987	1.9466869521608627
TL01	0 -> 4	(TL01) - (CONTROL)	-4.974327448349934	-6.904240349760896	-2.974303413760167
TL02	0 -> 4	(TL02) - (CONTROL)	-3.298203857582196	-5.3510058466183885	-1.1198973530254972
TL03	0 -> 4	(TL03) - (CONTROL)	-3.511067802619832	-5.700564515640467	-1.2122961276655422
TL05	0 -> 4	(TL05) - (CONTROL)	0.86255114260174	-1.7505687847446325	3.942345084916758
TL06	0 -> 4	(TL06) - (CONTROL)	-1.4449539919833239	-3.706831443835245	1.0857117747920035
TL09	0 -> 4	(TL09) - (CONTROL)	-3.2276470712121452	-5.373462024070151	-0.9503569084433482
TL23	0 -> 4	(TL23) - (CONTROL)	0.38298462229802555	-2.1447872125461576	3.234372713116491
TL29	0 -> 4	(TL29) - (CONTROL)	-0.6706917328756741	-3.0847638720808703	1.9831907485236344
TL34	0 -> 4	(TL34) - (CONTROL)	0.7451250516471948	-1.855312790122792	3.748739866694039
TL58	0 -> 4	(TL58) - (CONTROL)	7.441977471113488	4.0428972171082656	11.533172749895598
TL64	0 -> 4	(TL64) - (CONTROL)	4.2314468889614965	1.2652352985515112	7.660974148738849
